FigS2b_RealIntensity_x,FigS2b_RealIntensity_y,FigS2b_RealIntensity_yerr,FigS2b_TargetIntensity_x,FigS2b_TargetIntensity_y,FigS2c_RealPhase_x,FigS2c_RealPhase_y,FigS2c_RealPhase_yerr,FigS2c_TargetPhase_x,FigS2c_TargetPhase_y
0.0,0.0023977931477639617,0.0004506313408718886,0.0,1.9336787309326306e-06,0.14909409744382138,0.04178061526755376,0.07227872697000061,0.0,0.0006590650523078829
0.012424508120318449,0.0019606484976420835,0.0005093294119019983,0.0012424508120318447,2.9876645878318602e-06,0.16151860556413983,-0.011487035404750136,0.04968461891369862,0.0012424508120318447,0.0013075531978012968
0.024849016240636897,0.0018488853418161364,0.00041221066438760107,0.0024849016240636895,4.270028188823314e-06,0.17394311368445825,0.020628589458227254,0.0407237459725666,0.0024849016240636895,0.0019433878432275067
0.037273524360955344,0.002084536242272251,0.000362450677653126,0.003727352436095534,5.78076953390699e-06,0.18636762180477673,0.0016539556561393338,0.032039684763437944,0.003727352436095534,0.002565325254945045
0.049698032481273795,0.0019364199524282129,0.0005966384240801874,0.004969803248127379,7.519888623082889e-06,0.19879212992509518,0.011391207065620934,0.03074221387321395,0.004969803248127379,0.0031722843021170714
0.06212254060159224,0.0015604553307592914,0.0006403469323975723,0.006212254060159224,9.487385456351009e-06,0.2112166380454136,0.015124634365884737,0.024382918821371287,0.006212254060159224,0.003763336341643595
0.07454704872191069,0.0028927521648762417,0.0006605011232220253,0.007454704872191068,1.1683260033711353e-05,0.22364114616573205,0.07035079314950295,0.011599106645248408,0.007454704872191068,0.004337695508656454
0.08697155684222913,0.0023198954281459885,0.0004216114258050096,0.008697155684222913,1.4107512355163923e-05,0.2360656542860505,0.07999803205222257,0.014352304339397548,0.008697155684222913,0.004894709401400519
0.09939606496254759,0.0025003482502125854,0.00036037843737445036,0.009939606496254758,1.676014242070871e-05,0.24849016240636895,0.12355276078725576,0.015368915591891318,0.009939606496254758,0.005433850149543933
0.11182057308286603,0.005434487110140465,0.0009227980813259447,0.011182057308286603,1.964115023034573e-05,0.2609146705266874,0.09822722341207855,0.009759195675683334,0.011182057308286603,0.005954705855176458
0.12424508120318448,0.005755929307487719,0.0011249032204898215,0.012424508120318449,2.2759573301604368e-05,0.27333917864700585,0.12236738864620597,0.016024585200841466,0.012424508120318449,0.006456972395968167
0.13666958932350293,0.007253093406325142,0.0012479823902724408,0.013666958932350292,2.707481271578127e-05,0.28576368676732433,0.17810048698450662,0.012345999946142385,0.013666958932350292,0.0069404455801708
0.14909409744382138,0.015173751584430732,0.0020067330628685677,0.014909409744382136,3.1764418712495926e-05,0.29818819488764275,0.2160563074369175,0.01032077650849268,0.014909409744382136,0.0074050136433512805
0.16151860556413983,0.0250028412856372,0.0038155787245412595,0.01615186055641398,3.682839129174834e-05,0.3106127030079612,0.2607247142351876,0.009813617252668565,0.01615186055641398,0.007850650076950958
0.17394311368445825,0.044676625270183616,0.00476536423571414,0.017394311368445825,4.226673045353852e-05,0.32303721112827966,0.3288693522676525,0.0083021186292901,0.017394311368445825,0.008277406778965267
0.18636762180477673,0.0736144281665966,0.0044925857188042595,0.018636762180477672,4.807943619786646e-05,0.3354617192485981,0.38773500870448613,0.011091356414738523,0.018636762180477672,0.008685407517236862
0.19879212992509518,0.09750827147836172,0.006845562943990563,0.019879212992509516,5.426650852473215e-05,0.3478862273689165,0.45975697316112235,0.013542296154698647,0.019879212992509516,0.009074841696050513
0.2112166380454136,0.13543558906447536,0.007991551158244632,0.021121663804541363,6.0827947434135606e-05,0.360310735489235,0.5157903691535295,0.010581834542856602,0.021121663804541363,0.009445958416910557
0.22364114616573205,0.18185559159058248,0.012540532099980057,0.022364114616573207,6.776375292607681e-05,0.37273524360955346,0.5821628682058092,0.012214409903347368,0.022364114616573207,0.009799060824571442
0.2360656542860505,0.24415850144791115,0.012943328708472951,0.02360656542860505,7.507392500055578e-05,0.3851597517298719,0.6583021901036907,0.010807553451410027,0.02360656542860505,0.010134500729578593
0.24849016240636895,0.31608557503796236,0.009437121714747854,0.024849016240636897,8.280056009079313e-05,0.39758425985019036,0.7296704460200406,0.010654638167964149,0.024849016240636897,0.010452673498761056
0.2609146705266874,0.3771954318578373,0.012530661990982359,0.026091467052668738,9.30800253597764e-05,0.4100087679705088,0.800998639261376,0.009251941290966128,0.026091467052668738,0.010754013205298592
0.27333917864700585,0.45293992642874603,0.011250294874921638,0.027333917864700585,0.00010396079518854784,0.4224332760908272,0.8462589671322945,0.008636742356429703,0.027333917864700585,0.011038988030164577
0.28576368676732433,0.5522260485250675,0.012243834091571055,0.02857636867673243,0.00011544286957710746,0.4348577842111456,0.8929364120519443,0.007949013946353922,0.02857636867673243,0.01130809590692191
0.29818819488764275,0.6201444591009229,0.013482408476500105,0.029818819488764272,0.0001275262485254552,0.4472822923314641,0.9201390754032929,0.007567236247448251,0.029818819488764272,0.011561860402022513
0.3106127030079612,0.7344071451683822,0.02043800663229598,0.03106127030079612,0.0001402109320335912,0.4597068004517826,0.9415343458562538,0.008581481179319334,0.03106127030079612,0.011800826822931489
0.32303721112827966,0.8024998055382402,0.013401653933743683,0.03230372111282796,0.00015349692010151525,0.472131308572101,0.9669516082628632,0.007232365629231622,0.03230372111282796,0.012025558546565163
0.3354617192485981,0.8754124907955215,0.012408531709373269,0.033546171924859806,0.00016738421272922757,0.4845558166924195,0.9697251518662755,0.010276534543713764,0.033546171924859806,0.012236633560697631
0.3478862273689165,0.9507943528808626,0.02058238893630083,0.03478862273689165,0.00018187280991672795,0.4969803248127379,0.9434682433161574,0.012538154281825462,0.03478862273689165,0.012434641211153345
0.360310735489235,0.9954613980101493,0.018547962166544592,0.0360310735489235,0.0001969627116640166,0.5094048329330564,0.9179720161204358,0.008118126036240257,0.0360310735489235,0.012620179147763652
0.37273524360955346,1.0201983344272612,0.01777320309083963,0.037273524360955344,0.00021277599465250292,0.5218293410533748,0.9006063684724529,0.00983951843978514,0.037273524360955344,0.01279385046222315
0.3851597517298719,1.0672613352681575,0.022180493878853878,0.03851597517298719,0.00023331534609646103,0.5342538491736932,0.8399908772655076,0.01230887828025531,0.03851597517298719,0.012956261011137046
0.39758425985019036,1.0479069536365238,0.014526694294690617,0.03975842598501903,0.00025480089115542865,0.5466783572940117,0.7495995085648793,0.011174517784567493,0.03975842598501903,0.013108016917703873
0.4100087679705088,1.0229726549308886,0.012746396103960299,0.041000876797050875,0.0002772326298294056,0.5591028654143302,0.6677982750267892,0.012895740723877462,0.041000876797050875,0.013249722245628261
0.4224332760908272,1.0024776536691202,0.010096730710370282,0.042243327609082726,0.00030061056211839224,0.5715273735346487,0.5650593215476991,0.011343588962480899,0.042243327609082726,0.013381976839006904
0.4348577842111456,1.0512465518996192,0.019207285573884823,0.04348577842111456,0.00032493468802238817,0.583951881654967,0.4543976147679434,0.015982611560314164,0.04348577842111456,0.013505374322076524
0.4472822923314641,1.0433779690563003,0.01959262049016332,0.04472822923314641,0.0003502050075413939,0.5963763897752855,0.3486136888187209,0.020080767947299242,0.04472822923314641,0.013620500252856204
0.4597068004517826,1.0168174590432788,0.014049254186636984,0.04597068004517826,0.00037642152067540887,0.6088008978956039,0.22488819864399892,0.01445144412014685,0.04597068004517826,0.013727930424857695
0.472131308572101,1.0519369508763334,0.012489258893130127,0.0472131308572101,0.0004035842274244334,0.6212254060159224,0.12912489129598032,0.015820350239896946,0.0472131308572101,0.013828229311176148
0.4845558166924195,1.019392507604645,0.017917454064461352,0.048455581669241944,0.00043169312778846734,0.6336499141362408,0.014891518015527768,0.01607289505762925,0.048455581669241944,0.013921948645410407
0.4969803248127379,1.002851237092754,0.02154266544694537,0.049698032481273795,0.0004610335200415951,0.6460744222565593,-0.11731580856869711,0.016814294819051608,0.049698032481273795,0.014009626133996474
0.5094048329330564,1.0224565385047155,0.023916628008956317,0.05094048329330564,0.0004984336184345712,0.6584989303768778,-0.20800709398458161,0.012068098322988746,0.05094048329330564,0.014091784294669979
0.5218293410533748,1.030104211034997,0.01733562774932123,0.052182934105337475,0.000537292129571062,0.6709234384971962,-0.2973497399274174,0.012184218391327524,0.052182934105337475,0.014168929415903394
0.5342538491736932,1.0077841258168152,0.017314593408758575,0.053425384917369326,0.0005776090534510671,0.6833479466175146,-0.3976712080652923,0.01180597455903515,0.053425384917369326,0.014241550632291893
0.5466783572940117,1.0078317339594112,0.017992492539492023,0.05466783572940117,0.0006193843900745866,0.695772454737833,-0.4721007607282303,0.011401677343452193,0.05466783572940117,0.014310119110987254
0.5591028654143302,1.0168660798348714,0.013568202648933155,0.05591028654143301,0.0006626181394416206,0.7081969628581515,-0.538193708180589,0.011001264780112057,0.05591028654143301,0.014375087344403013
0.5715273735346487,0.9947408393942928,0.015784494062827,0.05715273735346486,0.0007073103015521687,0.72062147097847,-0.5873086492480123,0.008738453764751962,0.05715273735346486,0.014436888544535592
0.583951881654967,0.9874846063656565,0.013450749341419925,0.05839518816549671,0.0007534608764062315,0.7330459790987884,-0.6216047596929969,0.007969428739237054,0.05839518816549671,0.014495936134365691
0.5963763897752855,0.9904554361831786,0.01787343051334054,0.059637638977528544,0.0008010698640038081,0.7454704872191069,-0.6402956776778,0.009983306064037292,0.059637638977528544,0.014552623331921635
0.6088008978956039,0.9860440665982019,0.019866891533223605,0.06088008978956039,0.0008501372643448994,0.7578949953394253,-0.6448447738229217,0.006721414325126547,0.06088008978956039,0.014607322822701925
0.6212254060159224,0.9673698069293034,0.02472602830611509,0.06212254060159224,0.0009012490645544164,0.7703195034597438,-0.6315074402468462,0.007199258512221829,0.06212254060159224,0.014660386516267665
0.6336499141362408,0.9553495871523053,0.01470474750597874,0.06336499141362409,0.0009653431423533732,0.7827440115800621,-0.6141349481613199,0.008950083344409951,0.06336499141362409,0.014712145382927096
0.6460744222565593,0.9818615306048304,0.01716813680738411,0.06460744222565593,0.001031638698557995,0.7951685197003807,-0.5893557102181554,0.010082144311276586,0.06460744222565593,0.014762909366544013
0.6584989303768778,0.9609623352718961,0.014593447533900584,0.06584989303768778,0.0011001357331682832,0.8075930278206991,-0.5591799693238659,0.013841185075429724,0.06584989303768778,0.014812967369609568
0.6709234384971962,0.9408287882989846,0.019540964454043127,0.06709234384971961,0.0011708342461842379,0.8200175359410176,-0.501521201354994,0.014397871333536188,0.06709234384971961,0.014862587306822621
0.6833479466175146,0.9460974809667168,0.01801352362712004,0.06833479466175146,0.0012437342376058575,0.832442044061336,-0.43277193633739586,0.012155709054645282,0.06833479466175146,0.014912016223527856
0.695772454737833,0.9629961968394067,0.020292187338807423,0.0695772454737833,0.001318835707433142,0.8448665521816544,-0.3583082948248077,0.010926382688347853,0.0695772454737833,0.014961480475462738
0.7081969628581515,0.9557597127376127,0.019632994743698,0.07081969628581515,0.001396138655666093,0.8572910603019729,-0.30199840984669135,0.012321584191226457,0.07081969628581515,0.015011185966364788
0.72062147097847,0.9854753710271514,0.014093550201497978,0.072062147097847,0.0014756430823047106,0.8697155684222913,-0.23050932580364183,0.011341232685681067,0.072062147097847,0.015061318440088909
0.7330459790987884,0.9765064484853273,0.01805245841705979,0.07330459790987884,0.0015573489873489915,0.8821400765426098,-0.15163870821786352,0.009690643007385978,0.07330459790987884,0.015112043823981267
0.7454704872191069,0.9875426146039303,0.01748160027632866,0.07454704872191069,0.0016423569004336313,0.8945645846629282,-0.10120526807765767,0.007025385143873382,0.07454704872191069,0.015163508620350959
0.7578949953394253,1.0193626521116779,0.016910317710369688,0.07578949953394254,0.0017473656542402504,0.9069890927832467,-0.03699268224324878,0.015144257366199015,0.07578949953394254,0.01521584034297397
0.7703195034597438,1.0177421613870672,0.014848563464876877,0.07703195034597438,0.0018556282097974787,0.9194136009035652,0.03396051218663518,0.010492752102583498,0.07703195034597438,0.015269147995655189
0.7827440115800621,1.007329401661444,0.017986797695404094,0.07827440115800621,0.001967144567105316,0.9318381090238835,0.0778271360175088,0.011094575365700932,0.07827440115800621,0.01532352258996408
0.7951685197003807,0.9936616876353275,0.018345548167280738,0.07951685197003806,0.0020819147261637626,0.944262617144202,0.12258051162839005,0.009562679187489579,0.07951685197003806,0.015379037699347592
0.8075930278206991,1.0277028427733268,0.018797692504504283,0.08075930278206991,0.0021999386869728196,0.9566871252645204,0.17472901437808963,0.012685107543250525,0.08075930278206991,0.015435750046910187
0.8200175359410176,1.0381935202654886,0.01585999472320661,0.08200175359410175,0.002321216449532482,0.969111633384839,0.19418349067338123,0.015031603055996118,0.08200175359410175,0.015493700124235817
0.832442044061336,1.0356274463883743,0.014143035923636998,0.0832442044061336,0.0024457480138427574,0.9815361415051573,0.23348167975183493,0.013723998802504451,0.0832442044061336,0.015552912838709545
0.8448665521816544,1.018570775498142,0.018625853010793003,0.08448665521816545,0.0025735333799036405,0.9939606496254758,0.28237716636673393,0.014957848892313755,0.08448665521816545,0.01561339818687825
0.8572910603019729,1.013128204854895,0.01640749760761563,0.08572910603019729,0.0027045725477151342,1.0063851577457943,0.2797092336996717,0.01281172192158901,0.08572910603019729,0.01567515195146971
0.8697155684222913,0.9682585834866263,0.01671957357743669,0.08697155684222913,0.0028407957672021795,1.0188096658661128,0.33607169745073684,0.015540351482152766,0.08697155684222913,0.015738156419767738
0.8821400765426098,0.9060159776410643,0.020983249189068173,0.08821400765426098,0.003006695371663935,1.0312341739864312,0.34862780969145335,0.01997380899133557,0.08821400765426098,0.015802381121118
0.8945645846629282,0.8542449752036334,0.019860978069703886,0.08945645846629283,0.0031773026736169278,1.0436586821067495,0.32364404796989615,0.02331303496022589,0.08945645846629283,0.015867783581414465
0.9069890927832467,0.7991643484425656,0.023903774861066703,0.09069890927832466,0.003352617673061159,1.056083190227068,0.2773639234790211,0.03047307895379981,0.09069890927832466,0.01593431009249019
0.9194136009035652,0.7493516747017321,0.01581109843527568,0.09194136009035651,0.0035326403699966306,1.0685076983473865,0.28925210183298283,0.05517848341518244,0.09194136009035651,0.016001896494408724
0.9318381090238835,0.6561528663943692,0.021547951246757697,0.09318381090238836,0.0037173707644233426,,,,0.09318381090238836,0.01607046896872312
0.944262617144202,0.5706262717468477,0.017035827789864778,0.0944262617144202,0.003906808856341291,,,,0.0944262617144202,0.016139944840839214
0.9566871252645204,0.4905479880844898,0.019696058628867592,0.09566871252645204,0.0041009546457504795,,,,0.09566871252645204,0.016210233389687786
0.969111633384839,0.3952453630014593,0.01242141982576528,0.09691116333848389,0.004299808132650909,,,,0.09691116333848389,0.016281236662976883
0.9815361415051573,0.33227335182282663,0.014764292104674547,0.09815361415051574,0.004503369317042578,,,,0.09815361415051574,0.01635285029636094
0.9939606496254758,0.26738215552497907,0.009793174302583623,0.09939606496254759,0.004714839044131833,,,,0.09939606496254759,0.016424964334927183
1.0063851577457943,0.20018211958330184,0.008418048603580858,0.10063851577457943,0.004968883562109765,,,,0.10063851577457943,0.0164974640554624
1.0188096658661128,0.15451592219774465,0.006427002351618343,0.10188096658661128,0.005229593876698198,,,,0.10188096658661128,0.016570230788024408
1.0312341739864312,0.11466448685372807,0.006119175428516077,0.10312341739864311,0.005496969987897139,,,,0.10312341739864311,0.016643142735402513
1.0436586821067495,0.08028819274038697,0.005816013986208704,0.10436586821067495,0.005771011895706581,,,,0.10436586821067495,0.016716075789109767
1.056083190227068,0.0571061558294091,0.0052589148831136984,0.1056083190227068,0.006051719600126532,,,,0.1056083190227068,0.016788904340607452
1.0685076983473865,0.03283458926616733,0.003167442326833977,0.10685076983473865,0.0063390931011569835,,,,0.10685076983473865,0.01686150208651805
1.080932206467705,0.01981616592060315,0.002436596423290175,0.1080932206467705,0.006633132398797945,,,,0.1080932206467705,0.016933742826638017
1.0933567145880234,0.010914615901259727,0.002310379167747432,0.10933567145880234,0.006933837493049406,,,,0.10933567145880234,0.017005501253615274
1.105781222708342,0.003518650689220349,0.0006733473682273004,0.11057812227083419,0.007241208383911376,,,,0.11057812227083419,0.017076653733208783
1.1182057308286604,0.002342419673132667,0.00040967092339450794,0.11182057308286603,0.007560301101598176,,,,0.11182057308286603,0.01714707907409875
1.1306302389489786,0.002603894071921613,0.0006832595576690159,0.11306302389489786,0.007938581391602263,,,,0.11306302389489786,0.01721665928626626
1.1430547470692973,0.0026305712817253856,0.0004434496908877967,0.11430547470692971,0.00832609572120502,,,,0.11430547470692971,0.017285280327009878
1.1554792551896156,0.0015513435240633658,0.00048064549366791636,0.11554792551896156,0.008722844090406455,,,,0.11554792551896156,0.017352832833714686
1.167903763309934,0.0022281992652513414,0.0005601119731697188,0.11679037633099341,0.00912882649920656,,,,0.11679037633099341,0.017419212842535798
1.1803282714302525,0.001558462064907159,0.0003478809602412156,0.11803282714302525,0.009544042947605334,,,,0.11803282714302525,0.01748432249220401
1.192752779550571,0.002413768763062787,0.0005292887573932445,0.11927527795505709,0.009968493435602783,,,,0.11927527795505709,0.017548070712205717
1.2051772876708895,0.0022953148209778106,0.0004910757729821947,0.12051772876708894,0.010402177963198913,,,,0.12051772876708894,0.017610373894632526
1.2176017957912078,0.0019059050447389153,0.0002882466181977564,0.12176017957912078,0.01084509653039371,,,,0.12176017957912078,0.017671156549038503
1.2300263039115265,0.002553199836537869,0.00043276493273910105,0.12300263039115263,0.011297249137187187,,,,0.12300263039115263,0.017730351939684023
1.2412083612198128,0.0019821750075263854,0.0007467982649534054,0.12424508120318448,0.011766278365503893,,,,0.12424508120318448,0.017787902704585835
,,,0.1254875320152163,0.012315127004719343,,,,0.1254875320152163,0.01784376145583171
,,,0.12672998282724818,0.012876486290768223,,,,0.12672998282724818,0.017897891360656736
,,,0.12797243363928001,0.01345035622365055,,,,0.12797243363928001,0.017950266702815375
,,,0.12921488445131185,0.014036736803366291,,,,0.12921488445131185,0.01800087342381963
,,,0.1304573352633437,0.014635628029915491,,,,0.1304573352633437,0.01804970964364924
,,,0.13169978607537555,0.015247029903298119,,,,0.13169978607537555,0.018096786160573943
,,,0.1329422368874074,0.01587094242351419,,,,0.1329422368874074,0.01814212692976166
,,,0.13418468769943923,0.016507365590563705,,,,0.13418468769943923,0.018185769520378602
,,,0.1354271385114711,0.017156299404446653,,,,0.1354271385114711,0.018227765550919404
,,,0.13666958932350293,0.017828827961035805,,,,0.13666958932350293,0.018268181102535877
,,,0.13791204013553476,0.01860580103551668,,,,0.13791204013553476,0.018307097110162984
,,,0.1391544909475666,0.019399345043311655,,,,0.1391544909475666,0.018344609731269758
,,,0.14039694175959846,0.020209459984420756,,,,0.14039694175959846,0.018380830692091
,,,0.1416393925716303,0.021036145858843946,,,,0.1416393925716303,0.01841588761122311
,,,0.14288184338366217,0.021879402666581255,,,,0.14288184338366217,0.01844992430049384
,,,0.144124294195694,0.022739230407632663,,,,0.144124294195694,0.018483101043041676
,,,0.14536674500772584,0.02361562908199818,,,,0.14536674500772584,0.018515594848565447
,,,0.14660919581975768,0.024508598689677755,,,,0.14660919581975768,0.018547599685728985
,,,0.1478516466317895,0.02541813923067148,,,,0.1478516466317895,0.018579326691729195
,,,0.14909409744382138,0.02635969235016044,,,,0.14909409744382138,0.018611004359058454
,,,0.15033654825585321,0.027433786613945764,,,,0.15033654825585321,0.018642878699514285
,,,0.15157899906788508,0.02852932945328453,,,,0.15157899906788508,0.01867521338553061
,,,0.15282144987991692,0.02964632086817676,,,,0.15282144987991692,0.01870828986892512
,,,0.15406390069194875,0.030784760858622452,,,,0.15406390069194875,0.01874240747717741
,,,0.1553063515039806,0.03194464942462159,,,,0.1553063515039806,0.018777883487371562
,,,0.15654880231601243,0.0331259865661742,,,,0.15654880231601243,0.018815053177955145
,,,0.1577912531280443,0.03432877228328024,,,,0.1577912531280443,0.018854269858484752
,,,0.15903370394007613,0.035553006575939766,,,,0.15903370394007613,0.018895904877544927
,,,0.160276154752108,0.03679868944415274,,,,0.160276154752108,0.018940347609044176
,,,0.16151860556413983,0.03808648229271072,,,,0.16151860556413983,0.018988005417107365
,,,0.16276105637617166,0.039537197672710536,,,,0.16276105637617166,0.019039303599799218
,,,0.1640035071882035,0.04101502796041973,,,,0.1640035071882035,0.01909468531192818
,,,0.16524595800023534,0.04251997315583832,,,,0.16524595800023534,0.019154611467193997
,,,0.1664884088122672,0.04405203325896626,,,,0.1664884088122672,0.01921956061995575
,,,0.16773085962429904,0.045611208269803534,,,,0.16773085962429904,0.019290028826910076
,,,0.1689733104363309,0.047197498188350194,,,,0.1689733104363309,0.019366529488981505
,,,0.17021576124836274,0.0488109030146062,,,,0.17021576124836274,0.019449593173738667
,,,0.17145821206039458,0.05045142274857158,,,,0.17145821206039458,0.019539767418661348
,,,0.1727006628724264,0.052119057390246255,,,,0.1727006628724264,0.019637616515593984
,,,0.17394311368445825,0.053840319189037665,,,,0.17394311368445825,0.019743721276731487
,,,0.17518556449649011,0.05575517293242235,,,,0.17518556449649011,0.019858678782492725
,,,0.17642801530852195,0.05770348557691774,,,,0.17642801530852195,0.01998310211164643
,,,0.17767046612055382,0.05968525712252375,,,,0.17767046612055382,0.020117620054062632
,,,0.17891291693258565,0.06170048756924057,,,,0.17891291693258565,0.020262876806471115
,,,0.1801553677446175,0.06374917691706804,,,,0.1801553677446175,0.020419531651616044
,,,0.18139781855664933,0.06583132516600615,,,,0.18139781855664933,0.0205882586212031
,,,0.18264026936868116,0.06794693231605503,,,,0.18264026936868116,0.020769746143042226
,,,0.18388272018071303,0.07009599836721457,,,,0.18388272018071303,0.020964696672795526
,,,0.18512517099274486,0.07227852331948482,,,,0.18512517099274486,0.021173826310745672
,,,0.18636762180477673,0.07452702735054988,,,,0.18636762180477673,0.021397864404005675
,,,0.18761007261680857,0.07699718851176741,,,,0.18761007261680857,0.021637553134595953
,,,0.1888525234288404,0.0795076211343835,,,,0.1888525234288404,0.02189364709381921
,,,0.19009497424087224,0.08205832521839808,,,,0.19009497424087224,0.022166912843368
,,,0.19133742505290408,0.08464930076381123,,,,0.19133742505290408,0.02245812846360364
,,,0.19257987586493594,0.08728054777062288,,,,0.19257987586493594,0.022768083089448575
,,,0.19382232667696778,0.08995206623883298,,,,0.19382232667696778,0.023097576434337578
,,,0.19506477748899964,0.09266385616844162,,,,0.19506477748899964,0.02344741830267559
,,,0.19630722830103148,0.09541591755944881,,,,0.19630722830103148,0.02381842809125286
,,,0.19754967911306331,0.0982082504118544,,,,0.19754967911306331,0.024211434280069492
,,,0.19879212992509518,0.10107876535998592,,,,0.19879212992509518,0.024627273913023787
,,,0.200034580737127,0.10419262336067181,,,,0.200034580737127,0.025066792068919732
,,,0.20127703154915885,0.10735371965195879,,,,0.20127703154915885,0.025530841323250186
,,,0.2025194823611907,0.11056205423384664,,,,0.2025194823611907,0.026020281201212928
,,,0.20376193317322255,0.11381762710633565,,,,0.20376193317322255,0.026535977622417436
,,,0.2050043839852544,0.11712043826942568,,,,0.2050043839852544,0.027078802337739953
,,,0.20624683479728623,0.12047048772311669,,,,0.20624683479728623,0.027649632358784548
,,,0.2074892856093181,0.12386777546740875,,,,0.2074892856093181,0.028249349380407317
,,,0.2087317364213499,0.12731230150230172,,,,0.2087317364213499,0.028878839196760014
,,,0.20997418723338176,0.1308040658277958,,,,0.20997418723338176,0.029538991111308702
,,,0.2112166380454136,0.13438464194972632,,,,0.2112166380454136,0.03023069734128116
,,,0.21245908885744547,0.13821935661923737,,,,0.21245908885744547,0.030954852416996064
,,,0.2137015396694773,0.14210801680753593,,,,0.2137015396694773,0.03171235257652432
,,,0.21494399048150914,0.14605062251462184,,,,0.21494399048150914,0.03250409515613154
,,,0.216186441293541,0.15004717374049514,,,,0.216186441293541,0.033330977976948103
,,,0.2174288921055728,0.15409767048515582,,,,0.2174288921055728,0.03419389872831069
,,,0.21867134291760468,0.15820211274860368,,,,0.21867134291760468,0.03509375434821679
,,,0.21991379372963651,0.16236050053083903,,,,0.21991379372963651,0.03603144040133025
,,,0.22115624454166838,0.1665728338318618,,,,0.22115624454166838,0.037007850454973304
,,,0.22239869535370022,0.17083911265167176,,,,0.22239869535370022,0.038023875453536866
,,,0.22364114616573205,0.17520140457323702,,,,0.22364114616573205,0.03908040309173737
,,,0.22488359697776392,0.1798127971800329,,,,0.22488359697776392,0.040178317187144784
,,,0.22612604778979573,0.18448409116179534,,,,0.22612604778979573,0.04131849705240251
,,,0.2273684986018276,0.1892152865185244,,,,0.2273684986018276,0.04250181686755567
,,,0.22861094941385943,0.1940063832502199,,,,0.22861094941385943,0.04372914505290007
,,,0.2298534002258913,0.19885738135688216,,,,0.2298534002258913,0.045001343642759824
,,,0.23109585103792313,0.20376828083851103,,,,0.23109585103792313,0.04631926766059687
,,,0.23233830184995496,0.20873908169510633,,,,0.23233830184995496,0.04768376449585082
,,,0.23358075266198683,0.2137697839266684,,,,0.23358075266198683,0.04909567328290286
,,,0.23482320347401864,0.21886038753319692,,,,0.23482320347401864,0.050555824282552224
,,,0.2360656542860505,0.224048572888534,,,,0.2360656542860505,0.05206503826638876
,,,0.23730810509808234,0.22946007795117998,,,,0.23730810509808234,0.053624125904439324
,,,0.23855055591011418,0.23493615825286293,,,,0.23855055591011418,0.05523388715646112
,,,0.23979300672214604,0.2404768137935835,,,,0.23979300672214604,0.056895110667248776
,,,0.24103545753417788,0.24608204457334087,,,,0.24103545753417788,0.0586085731663161
,,,0.24227790834620974,0.25175185059213573,,,,0.24227790834620974,0.060375038872309404
,,,0.24352035915824155,0.25748623184996744,,,,0.24352035915824155,0.06219525890250013
,,,0.24476280997027344,0.26328518834683684,,,,0.24476280997027344,0.06406997068770262
,,,0.24600526078230525,0.2691487200827431,,,,0.24600526078230525,0.06599989739295226
,,,0.24724771159433714,0.2750768270576867,,,,0.24724771159433714,0.06798574734427783
,,,0.24849016240636895,0.28109606360742073,,,,0.24849016240636895,0.07002821346189059
,,,0.2497326132184008,0.2872878191595721,,,,0.2497326132184008,0.07212797270011118
,,,0.2509750640304326,0.29354702731804067,,,,0.2509750640304326,0.07428568549434467
,,,0.25221751484246446,0.2998736880828257,,,,0.25221751484246446,0.07650199521541019
,,,0.25345996565449636,0.30626780145392785,,,,0.25345996565449636,0.07877752763152526
,,,0.2547024164665282,0.31272936743134655,,,,0.2547024164665282,0.08111289037823478
,,,0.25594486727856003,0.31925838601508255,,,,0.25594486727856003,0.0835086724365737
,,,0.25718731809059187,0.32585485720513496,,,,0.25718731809059187,0.08596544361973867
,,,0.2584297689026237,0.3325187810015042,,,,0.2584297689026237,0.08848375406854443
,,,0.25967221971465554,0.33925015740419073,,,,0.25967221971465554,0.09106413375592722
,,,0.2609146705266874,0.3460558679467505,,,,0.2609146705266874,0.09370709200075455
,,,0.26215712133871927,0.35295531114773027,,,,0.26215712133871927,0.09641311699119412
,,,0.2633995721507511,0.3599228555141121,,,,0.2633995721507511,0.09918267531788286
,,,0.26464202296278294,0.3669585010458972,,,,0.26464202296278294,0.1020162115171372
,,,0.2658844737748148,0.3740622477430843,,,,0.2658844737748148,0.10491414762443117
,,,0.2671269245868466,0.3812340956056741,,,,0.2671269245868466,0.10787688273836864
,,,0.26836937539887845,0.3884740446336665,,,,0.26836937539887845,0.11090479259536298
,,,0.2696118262109103,0.395782094827061,,,,0.2696118262109103,0.11399822915523417
,,,0.2708542770229422,0.4031582461858587,,,,0.2708542770229422,0.11715752019792595
,,,0.272096727834974,0.4106024987100584,,,,0.272096727834974,0.12038296893153479
,,,0.27333917864700585,0.41809200846708094,,,,0.27333917864700585,0.1236748536118414
,,,0.2745816294590377,0.4255674919137998,,,,0.2745816294590377,0.12703342717352126
,,,0.2758240802710695,0.43310921529460283,,,,0.2758240802710695,0.13045891687321062
,,,0.27706653108310136,0.4407171786094895,,,,0.27706653108310136,0.13395152394459106
,,,0.2783089818951332,0.44839138185845967,,,,0.2783089818951332,0.13751142326565122
,,,0.2795514327071651,0.4561318250415142,,,,0.2795514327071651,0.14113876303828055
,,,0.28079388351919693,0.4639385081586521,,,,0.28079388351919693,0.1448336644803327
,,,0.28203633433122877,0.47181143120987395,,,,0.28203633433122877,0.14859622153030316
,,,0.2832787851432606,0.4797505941951793,,,,0.2832787851432606,0.1524265005647441
,,,0.28452123595529244,0.48775599711456835,,,,0.28452123595529244,0.15632454012854485
,,,0.28576368676732433,0.4957640990913556,,,,0.28576368676732433,0.1602903506781891
,,,0.2870061375793561,0.5036229872262743,,,,0.2870061375793561,0.16432391433809954
,,,0.288248588391388,0.5115436763174015,,,,0.288248588391388,0.16842518467017265
,,,0.28949103920341984,0.5195261663647365,,,,0.28949103920341984,0.17259408645659396
,,,0.2907334900154517,0.5275704573682807,,,,0.2907334900154517,0.17683051549602646
,,,0.2919759408274835,0.5356765493280325,,,,0.2919759408274835,0.1811343384132471
,,,0.29321839163951535,0.5438444422439924,,,,0.29321839163951535,0.18550539248231052
,,,0.29446084245154724,0.5520741361161616,,,,0.29446084245154724,0.1899434854633014
,,,0.295703293263579,0.5603656309445384,,,,0.295703293263579,0.1944483954527383
,,,0.2969457440756109,0.568718926729124,,,,0.2969457440756109,0.19901987074768226
,,,0.29818819488764275,0.5770187614574821,,,,0.29818819488764275,0.2036576297235929
,,,0.2994306456996746,0.5850111669185624,,,,0.2994306456996746,0.20836136072597647
,,,0.30067309651170643,0.5930585445442821,,,,0.30067309651170643,0.2131307219758531
,,,0.30191554732373826,0.6011608943346414,,,,0.30191554732373826,0.21796534148907465
,,,0.30315799813577016,0.6093182162896408,,,,0.30315799813577016,0.22286481700950866
,,,0.30440044894780194,0.6175305104092796,,,,0.30440044894780194,0.22782871595610274
,,,0.30564289975983383,0.6257977766935587,,,,0.30564289975983383,0.2328565753838381
,,,0.30688535057186567,0.6341200151424774,,,,0.30688535057186567,0.23794790195856766
,,,0.3081278013838975,0.6424972257560359,,,,0.3081278013838975,0.24310217194573835
,,,0.30937025219592934,0.6509294085342343,,,,0.30937025219592934,0.24831883121297899
,,,0.3106127030079612,0.6592395946786656,,,,0.3106127030079612,0.25359729524654107
,,,0.31185515381999307,0.667068370984744,,,,0.31185515381999307,0.25893694918156257
,,,0.31309760463202485,0.6749433584830236,,,,0.31309760463202485,0.2643371478461262
,,,0.31434005544405674,0.6828645571735046,,,,0.31434005544405674,0.2697972158190765
,,,0.3155825062560886,0.6908319670561861,,,,0.3155825062560886,0.2753164475015477
,,,0.3168249570681204,0.6988455881310696,,,,0.3168249570681204,0.2808941072021613
,,,0.31806740788015225,0.7069054203981536,,,,0.31806740788015225,0.28652942923582997
,,,0.3193098586921841,0.715011463857439,,,,0.3193098586921841,0.29222161803611535
,,,0.320552309504216,0.7231637185089255,,,,0.320552309504216,0.2979698482810679
,,,0.32179476031624776,0.7313621843526126,,,,0.32179476031624776,0.3037732650324792
,,,0.32303721112827966,0.7393604517939095,,,,0.32303721112827966,0.30963098388847243
,,,0.3242796619403115,0.7466973184500872,,,,0.3242796619403115,0.315542091149341
,,,0.32552211275234333,0.7540704084223713,,,,0.32552211275234333,0.3215056439965572
,,,0.32676456356437517,0.7614797217107608,,,,0.32676456356437517,0.3275206706848476
,,,0.328007014376407,0.7689252583152558,,,,0.328007014376407,0.33358617074724567
,,,0.3292494651884389,0.7764070182358569,,,,0.3292494651884389,0.3397011152130117
,,,0.3304919160004707,0.7839250014725629,,,,0.3304919160004707,0.34586444683831313
,,,0.33173436681250257,0.7914792080253747,,,,0.33173436681250257,0.35207508034955526
,,,0.3329768176245344,0.7990696378942923,,,,0.3329768176245344,0.3583319026992374
,,,0.33421926843656624,0.8066962910793153,,,,0.33421926843656624,0.36463377333421887
,,,0.3354617192485981,0.8140390250320323,,,,0.3354617192485981,0.37097952447625854
,,,0.3367041700606299,0.8205458576795104,,,,0.3367041700606299,0.37736796141470463
,,,0.3379466208726618,0.8270785923399574,,,,0.3379466208726618,0.3837978628111898
,,,0.3391890716846936,0.8336372290133734,,,,0.3391890716846936,0.390267981016194
,,,0.3404315224967255,0.8402217676997583,,,,0.3404315224967255,0.39677704239733086
,,,0.3416739733087573,0.8468322083991117,,,,0.3416739733087573,0.40332374767920237
,,,0.34291642412078915,0.8534685511114349,,,,0.34291642412078915,0.40990677229467415
,,,0.344158874932821,0.8601307958367264,,,,0.344158874932821,0.4165247667474067
,,,0.3454013257448528,0.8668189425749872,,,,0.3454013257448528,0.4231763569854867
,,,0.3466437765568847,0.873532991326217,,,,0.3466437765568847,0.42986014478598733
,,,0.3478862273689165,0.8798792154130832,,,,0.3478862273689165,0.43657470815028887
,,,0.3491286781809484,0.8852327158446891,,,,0.3491286781809484,0.44331860170999016
,,,0.35037112899298023,0.8906024532255062,,,,0.35037112899298023,0.4500903571432259
,,,0.35161357980501207,0.8959884275555352,,,,0.35161357980501207,0.4568884836012187
,,,0.3528560306170439,0.901390638834776,,,,0.3528560306170439,0.4637114681448715
,,,0.35409848142907574,0.9068090870632283,,,,0.35409848142907574,0.47055777619122313
,,,0.35534093224110763,0.9122437722408925,,,,0.35534093224110763,0.4774258519695684
,,,0.3565833830531394,0.9176946943677684,,,,0.3565833830531394,0.4843141189870521
,,,0.3578258338651713,0.9231618534438563,,,,0.3578258338651713,0.4912209805035431
,,,0.35906828467720314,0.9286452494691556,,,,0.35906828467720314,0.49814482001558164
,,,0.360310735489235,0.9336828036400988,,,,0.360310735489235,0.505084001749206
,,,0.3615531863012668,0.9376001148308297,,,,0.3615531863012668,0.5120368711614431
,,,0.36279563711329865,0.9415256264618177,,,,0.36279563711329865,0.5190017554502672
,,,0.36403808792533054,0.9454593385330627,,,,0.36403808792533054,0.5259769640728039
,,,0.3652805387373623,0.9494012510445646,,,,0.3652805387373623,0.532960789271575
,,,0.3665229895493942,0.9533513639963235,,,,0.3665229895493942,0.5399515066085662
,,,0.36776544036142605,0.9573096773883394,,,,0.36776544036142605,0.5469473755068969
,,,0.3690078911734579,0.9612761912206124,,,,0.3690078911734579,0.5539466397998797
,,,0.37025034198548973,0.965250905493142,,,,0.37025034198548973,0.560947528287238
,,,0.37149279279752156,0.9692338202059287,,,,0.37149279279752156,0.5679482552982672
,,,0.37273524360955346,0.9727049707673225,,,,0.37273524360955346,0.5749470212617068
,,,0.37397769442158524,0.9749674490779903,,,,0.37397769442158524,0.5819420132820984
,,,0.37522014523361713,0.977232555556404,,,,0.37522014523361713,0.588931405722402
,,,0.37646259604564897,0.9795002902025634,,,,0.37646259604564897,0.5959133607926356
,,,0.3777050468576808,0.9817706530164684,,,,0.3777050468576808,0.6028860291443106
,,,0.37894749766971264,0.9840436439981193,,,,0.37894749766971264,0.6098475504704225
,,,0.3801899484817445,0.9863192631475158,,,,0.3801899484817445,0.6167960541107707
,,,0.38143239929377637,0.988597510464658,,,,0.38143239929377637,0.6237296596623617
,,,0.38267485010580815,0.990878385949546,,,,0.38267485010580815,0.6306464775946632
,,,0.38391730091784004,0.9931618896021797,,,,0.38391730091784004,0.6375446098694718
,,,0.3851597517298719,0.9949020839018475,,,,0.3851597517298719,0.6444221505651484
,,,0.3864022025419037,0.9954281247293626,,,,0.3864022025419037,0.6512771865049892
,,,0.38764465335393555,0.9959543045885597,,,,0.38764465335393555,0.6581077978894817
,,,0.3888871041659674,0.9964806234794392,,,,0.3888871041659674,0.664912058932214
,,,0.3901295549779993,0.9970070814020008,,,,0.3901295549779993,0.6716880384991843
,,,0.39137200579003106,0.9975336783562445,,,,0.39137200579003106,0.6784338007512752
,,,0.39261445660206296,0.9980604143421706,,,,0.39261445660206296,0.6851474057896481
,,,0.3938569074140948,0.9985872893597787,,,,0.3938569074140948,0.6918269103038073
,,,0.39509935822612663,0.9991143034090693,,,,0.39509935822612663,0.6984703682221015
,,,0.39634180903815847,0.9996414564900418,,,,0.39634180903815847,0.7050758313644055
,,,0.39758425985019036,1.0,,,,0.39758425985019036,0.7116413500967492
,,,0.3988267106622222,1.0,,,,0.3988267106622222,0.7181649739876391
,,,0.400069161474254,1.0,,,,0.400069161474254,0.7246447524658385
,,,0.40131161228628587,1.0,,,,0.40131161228628587,0.7310787354793536
,,,0.4025540630983177,1.0,,,,0.4025540630983177,0.7374649741553853
,,,0.40379651391034954,1.0,,,,0.40379651391034954,0.7438015214610058
,,,0.4050389647223814,1.0,,,,0.4050389647223814,0.7500864328643106
,,,0.40628141553441327,1.0,,,,0.40628141553441327,0.7563177669958114
,,,0.4075238663464451,1.0,,,,0.4075238663464451,0.7624935863098182
,,,0.4087663171584769,1.0,,,,0.4087663171584769,0.7686119577455809
,,,0.4100087679705088,1.0,,,,0.4100087679705088,0.7746709533879387
,,,0.4112512187825406,1.0,,,,0.4112512187825406,0.7806686511272449
,,,0.41249366959457245,1.0,,,,0.41249366959457245,0.7866031353183273
,,,0.4137361204066043,1.0,,,,0.4137361204066043,0.792472497438242
,,,0.4149785712186362,1.0,,,,0.4149785712186362,0.7982748367425913
,,,0.416221022030668,1.0,,,,0.416221022030668,0.8040082609201612
,,,0.4174634728426998,1.0,,,,0.4174634728426998,0.8096708867456537
,,,0.4187059236547317,1.0,,,,0.4187059236547317,0.8152608407302722
,,,0.41994837446676353,1.0,,,,0.41994837446676353,0.8207762597699328
,,,0.42119082527879537,1.0,,,,0.42119082527879537,0.8262152917908739
,,,0.4224332760908272,1.0,,,,0.4224332760908272,0.8315760963924257
,,,0.4236757269028591,1.0,,,,0.4236757269028591,0.8368568454867241
,,,0.42491817771489093,1.0,,,,0.42491817771489093,0.8420557239351341
,,,0.4261606285269227,1.0,,,,0.4261606285269227,0.8471709301811646
,,,0.4274030793389546,1.0,,,,0.4274030793389546,0.8522006768796503
,,,0.42864553015098644,1.0,,,,0.42864553015098644,0.8571431915219775
,,,0.4298879809630183,1.0,,,,0.4298879809630183,0.8619967170571436
,,,0.4311304317750501,1.0,,,,0.4311304317750501,0.8667595125084239
,,,0.432372882587082,1.0,,,,0.432372882587082,0.8714298535854395
,,,0.43361533339911384,1.0,,,,0.43361533339911384,0.8760060332914088
,,,0.4348577842111456,1.0,,,,0.4348577842111456,0.8804863625253748
,,,0.4361002350231775,1.0,,,,0.4361002350231775,0.8848691706792012
,,,0.43734268583520935,1.0,,,,0.43734268583520935,0.8891528062291277
,,,0.4385851366472412,1.0,,,,0.4385851366472412,0.8933356373216876
,,,0.43982758745927303,1.0,,,,0.43982758745927303,0.8974160523537791
,,,0.4410700382713049,1.0,,,,0.4410700382713049,0.9013924605466996
,,,0.44231248908333676,1.0,,,,0.44231248908333676,0.9052632925139401
,,,0.44355493989536854,1.0,,,,0.44355493989536854,0.9090270008225525
,,,0.44479739070740043,1.0,,,,0.44479739070740043,0.9126820605478945
,,,0.44603984151943227,1.0,,,,0.44603984151943227,0.9162269698215653
,,,0.4472822923314641,1.0,,,,0.4472822923314641,0.9196602503723489
,,,0.44852474314349594,1.0,,,,0.44852474314349594,0.9229804480599779
,,,0.44976719395552783,1.0,,,,0.44976719395552783,0.9261861334015443
,,,0.45100964476755967,1.0,,,,0.45100964476755967,0.9292759020903719
,,,0.45225209557959145,1.0,,,,0.45225209557959145,0.9322483755071861
,,,0.45349454639162334,1.0,,,,0.45349454639162334,0.935102201223401
,,,0.4547369972036552,1.0,,,,0.4547369972036552,0.9378360534963625
,,,0.455979448015687,1.0,,,,0.455979448015687,0.9404486337563773
,,,0.45722189882771885,1.0,,,,0.45722189882771885,0.9429386710853697
,,,0.45846434963975075,1.0,,,,0.45846434963975075,0.9453049226870055
,,,0.4597068004517826,1.0,,,,0.4597068004517826,0.9475461743481269
,,,0.46094925126381436,1.0,,,,0.46094925126381436,0.9496612408913474
,,,0.46219170207584626,1.0,,,,0.46219170207584626,0.9516489666186558
,,,0.4634341528878781,1.0,,,,0.4634341528878781,0.9535082257458848
,,,0.46467660369990993,1.0,,,,0.46467660369990993,0.9552379228279018
,,,0.46591905451194177,1.0,,,,0.46591905451194177,0.9568369931743799
,,,0.46716150532397366,1.0,,,,0.46716150532397366,0.9583044032560163
,,,0.4684039561360055,1.0,,,,0.4684039561360055,0.9596391511010646
,,,0.4696464069480373,1.0,,,,0.4696464069480373,0.9608402666820507
,,,0.47088885776006917,1.0,,,,0.47088885776006917,0.9619068122925489
,,,0.472131308572101,1.0,,,,0.472131308572101,0.9628378829138935
,,,0.4733737593841329,1.0,,,,0.4733737593841329,0.9636326065717095
,,,0.4746162101961647,1.0,,,,0.4746162101961647,0.9642901446821471
,,,0.47585866100819657,1.0,,,,0.47585866100819657,0.9648096923877081
,,,0.47710111182022835,1.0,,,,0.47710111182022835,0.9651904788825544
,,,0.4783435626322602,1.0,,,,0.4783435626322602,0.9654317677271989
,,,0.4795860134442921,1.0,,,,0.4795860134442921,0.9655328571524745
,,,0.480828464256324,1.0,,,,0.480828464256324,0.9654930803526859
,,,0.48207091506835575,1.0,,,,0.48207091506835575,0.9653118057678496
,,,0.4833133658803876,1.0,,,,0.4833133658803876,0.9649884373549354
,,,0.4845558166924195,1.0,,,,0.4845558166924195,0.9645224148480207
,,,0.4857982675044514,1.0,,,,0.4857982675044514,0.963913214007276
,,,0.4870407183164831,1.0,,,,0.4870407183164831,0.9631603468567066
,,,0.488283169128515,1.0,,,,0.488283169128515,0.9622633619105706
,,,0.4895256199405469,1.0,,,,0.4895256199405469,0.961221844388407
,,,0.49076807075257867,1.0,,,,0.49076807075257867,0.9600354164186052
,,,0.4920105215646105,1.0,,,,0.4920105215646105,0.9587037372304518
,,,0.4932529723766424,1.0,,,,0.4932529723766424,0.9572265033345977
,,,0.4944954231886743,1.0,,,,0.4944954231886743,0.9556034486918881
,,,0.495737874000706,1.0,,,,0.495737874000706,0.9538343448705044
,,,0.4969803248127379,1.0,,,,0.4969803248127379,0.9519190011913702
,,,0.4982227756247698,1.0,,,,0.4982227756247698,0.9498572648617772
,,,0.4994652264368016,1.0,,,,0.4994652264368016,0.9476490210971917
,,,0.5007076772488335,1.0,,,,0.5007076772488335,0.9452941932312026
,,,0.5019501280608653,1.0,,,,0.5019501280608653,0.9427927428135834
,,,0.5031925788728971,1.0,,,,0.5031925788728971,0.9401446696964346
,,,0.5044350296849289,1.0,,,,0.5044350296849289,0.9373500121083845
,,,0.5056774804969608,1.0,,,,0.5056774804969608,0.9344088467168262
,,,0.5069199313089927,1.0,,,,0.5069199313089927,0.9313212886781754
,,,0.5081623821210245,1.0,,,,0.5081623821210245,0.9280874916761334
,,,0.5094048329330564,1.0,,,,0.5094048329330564,0.9247076479479474
,,,0.5106472837450882,1.0,,,,0.5106472837450882,0.9211819882986635
,,,0.5118897345571201,1.0,,,,0.5118897345571201,0.9175107821033672
,,,0.5131321853691518,1.0,,,,0.5131321853691518,0.9136943372974181
,,,0.5143746361811837,1.0,,,,0.5143746361811837,0.9097330003546784
,,,0.5156170869932156,1.0,,,,0.5156170869932156,0.9056271562537532
,,,0.5168595378052474,1.0,,,,0.5168595378052474,0.9013772284322482
,,,0.5181019886172793,1.0,,,,0.5181019886172793,0.8969836787290656
,,,0.5193444394293111,1.0,,,,0.5193444394293111,0.8924470073147605
,,,0.520586890241343,1.0,,,,0.520586890241343,0.8877677526099782
,,,0.5218293410533748,1.0,,,,0.5218293410533748,0.8829464911920063
,,,0.5230717918654066,1.0,,,,0.5230717918654066,0.8779838376894668
,,,0.5243142426774385,1.0,,,,0.5243142426774385,0.8728804446651925
,,,0.5255566934894703,1.0,,,,0.5255566934894703,0.8676370024873206
,,,0.5267991443015022,1.0,,,,0.5267991443015022,0.8622542391886461
,,,0.528041595113534,1.0,,,,0.528041595113534,0.8567329203142908
,,,0.5292840459255659,1.0,,,,0.5292840459255659,0.8510738487577265
,,,0.5305264967375977,1.0,,,,0.5305264967375977,0.8452778645852144
,,,0.5317689475496296,1.0,,,,0.5317689475496296,0.8393458448487132
,,,0.5330113983616614,1.0,,,,0.5330113983616614,0.8332787033873255
,,,0.5342538491736932,1.0,,,,0.5342538491736932,0.827077390617335
,,,0.5354962999857251,1.0,,,,0.5354962999857251,0.8207428933109107
,,,0.5367387507977569,1.0,,,,0.5367387507977569,0.8142762343635509
,,,0.5379812016097888,1.0,,,,0.5379812016097888,0.8076784725503361
,,,0.5392236524218206,1.0,,,,0.5392236524218206,0.8009507022710732
,,,0.5404661032338525,1.0,,,,0.5404661032338525,0.7940940532844105
,,,0.5417085540458844,1.0,,,,0.5417085540458844,0.7871096904310149
,,,0.5429510048579161,1.0,,,,0.5429510048579161,0.7799988133458904
,,,0.544193455669948,1.0,,,,0.544193455669948,0.7727626561599352
,,,0.5454359064819798,1.0,,,,0.5454359064819798,0.7654024871908357
,,,0.5466783572940117,1.0,,,,0.5466783572940117,0.7579196086233871
,,,0.5479208081060435,1.0,,,,0.5479208081060435,0.7503153561793514
,,,0.5491632589180754,1.0,,,,0.5491632589180754,0.742591098776947
,,,0.5504057097301073,1.0,,,,0.5504057097301073,0.7347482381800924
,,,0.551648160542139,1.0,,,,0.551648160542139,0.7267882086374997
,,,0.552890611354171,1.0,,,,0.552890611354171,0.7187124765117386
,,,0.5541330621662027,1.0,,,,0.5541330621662027,0.7105225398983936
,,,0.5553755129782346,1.0,,,,0.5553755129782346,0.7022199282354225
,,,0.5566179637902664,1.0,,,,0.5566179637902664,0.6938062019028484
,,,0.5578604146022983,1.0,,,,0.5578604146022983,0.6852829518129037
,,,0.5591028654143302,1.0,,,,0.5591028654143302,0.6766517989907679
,,,0.560345316226362,1.0,,,,0.560345316226362,0.6679143941460122
,,,0.5615877670383939,1.0,,,,0.5615877670383939,0.6590724172348961
,,,0.5628302178504256,1.0,,,,0.5628302178504256,0.6501275770136583
,,,0.5640726686624575,1.0,,,,0.5640726686624575,0.6410816105829261
,,,0.5653151194744893,1.0,,,,0.5653151194744893,0.6319362829233998
,,,0.5665575702865212,1.0,,,,0.5665575702865212,0.6226933864229456
,,,0.5678000210985531,1.0,,,,0.5678000210985531,0.6133547403952594
,,,0.5690424719105849,1.0,,,,0.5690424719105849,0.6039221905902333
,,,0.5702849227226168,1.0,,,,0.5702849227226168,0.5943976086961883
,,,0.5715273735346487,1.0,,,,0.5715273735346487,0.58478289183413
,,,0.5727698243466804,1.0,,,,0.5727698243466804,0.5750799620441756
,,,0.5740122751587122,1.0,,,,0.5740122751587122,0.5652907657643184
,,,0.5752547259707441,1.0,,,,0.5752547259707441,0.5554172733016869
,,,0.576497176782776,1.0,,,,0.576497176782776,0.5454614782964712
,,,0.5777396275948078,1.0,,,,0.5777396275948078,0.5354253971786703
,,,0.5789820784068397,1.0,,,,0.5789820784068397,0.5253110686178355
,,,0.5802245292188716,1.0,,,,0.5802245292188716,0.5151205529659856
,,,0.5814669800309034,1.0,,,,0.5814669800309034,0.5048559316938533
,,,0.5827094308429351,1.0,,,,0.5827094308429351,0.49451930682064854
,,,0.583951881654967,1.0,,,,0.583951881654967,0.484112800337505
,,,0.5851943324669989,1.0,,,,0.5851943324669989,0.4736385536248024
,,,0.5864367832790307,1.0,,,,0.5864367832790307,0.46309872686352715
,,,0.5876792340910626,1.0,,,,0.5876792340910626,0.45249549844086145
,,,0.5889216849030945,1.0,,,,0.5889216849030945,0.4418310643501912
,,,0.5901641357151263,1.0,,,,0.5901641357151263,0.4311076375857018
,,,0.591406586527158,1.0,,,,0.591406586527158,0.42032744753176166
,,,0.5926490373391899,1.0,,,,0.5926490373391899,0.4094927393472713
,,,0.5938914881512218,1.0,,,,0.5938914881512218,0.39860577334518216
,,,0.5951339389632536,1.0,,,,0.5951339389632536,0.387668824367358
,,,0.5963763897752855,1.0,,,,0.5963763897752855,0.37668418115497987
,,,0.5976188405873174,1.0,,,,0.5976188405873174,0.3656541457146965
,,,0.5988612913993492,1.0,,,,0.5988612913993492,0.3545810326806977
,,,0.600103742211381,1.0,,,,0.600103742211381,0.34346716867292065
,,,0.6013461930234129,1.0,,,,0.6013461930234129,0.3323148916515761
,,,0.6025886438354447,1.0,,,,0.6025886438354447,0.32112655026820736
,,,0.6038310946474765,1.0,,,,0.6038310946474765,0.3099045032134626
,,,0.6050735454595084,1.0,,,,0.6050735454595084,0.2986511185617907
,,,0.6063159962715403,1.0,,,,0.6063159962715403,0.28736877311326914
,,,0.6075584470835721,1.0,,,,0.6075584470835721,0.2760598517327477
,,,0.6088008978956039,1.0,,,,0.6088008978956039,0.2647267466865268
,,,0.6100433487076358,1.0,,,,0.6100433487076358,0.25337185697676184
,,,0.6112857995196677,1.0,,,,0.6112857995196677,0.24199758767381271
,,,0.6125282503316994,1.0,,,,0.6125282503316994,0.23060634924672568
,,,0.6137707011437313,1.0,,,,0.6137707011437313,0.21920055689206075
,,,0.6150131519557632,1.0,,,,0.6150131519557632,0.2077826298612795
,,,0.616255602767795,1.0,,,,0.616255602767795,0.19635499078688065
,,,0.6174980535798268,1.0,,,,0.6174980535798268,0.1849200650075059
,,,0.6187405043918587,1.0,,,,0.6187405043918587,0.1734802798922105
,,,0.6199829552038906,1.0,,,,0.6199829552038906,0.16203806416412175
,,,0.6212254060159224,1.0,,,,0.6212254060159224,0.1505958472236739
,,,0.6224678568279542,1.0,,,,0.6224678568279542,0.13915605847163529
,,,0.6237103076399861,1.0,,,,0.6237103076399861,0.12772112663214466
,,,0.6249527584520179,1.0,,,,0.6249527584520179,0.11629347907594449
,,,0.6261952092640497,1.0,,,,0.6261952092640497,0.10487554114403513
,,,0.6274376600760816,1.0,,,,0.6274376600760816,0.09346973547194481
,,,0.6286801108881135,1.0,,,,0.6286801108881135,0.08207848131483816
,,,0.6299225617001453,1.0,,,,0.6299225617001453,0.07070419387365187
,,,0.6311650125121772,1.0,,,,0.6311650125121772,0.0593492836224723
,,,0.632407463324209,1.0,,,,0.632407463324209,0.048016155637370134
,,,0.6336499141362408,1.0,,,,0.6336499141362408,0.03670720892687934
,,,0.6348923649482726,1.0,,,,0.6348923649482726,0.025424835764341167
,,,0.6361348157603045,1.0,,,,0.6361348157603045,0.014171421022306192
,,,0.6373772665723364,1.0,,,,0.6373772665723364,0.0029493415092139924
,,,0.6386197173843682,1.0,,,,0.6386197173843682,-0.0082390346914645
,,,0.6398621681964001,1.0,,,,0.6398621681964001,-0.019391348879410457
,,,0.641104619008432,1.0,,,,0.641104619008432,-0.03050525239275609
,,,0.6423470698204637,1.0,,,,0.6423470698204637,-0.041578407260315954
,,,0.6435895206324955,1.0,,,,0.6435895206324955,-0.052608486850535346
,,,0.6448319714445274,1.0,,,,0.6448319714445274,-0.06359317651696775
,,,0.6460744222565593,1.0,,,,0.6460744222565593,-0.07453017424006823
,,,0.6473168730685911,1.0,,,,0.6473168730685911,-0.08541719126512344
,,,0.648559323880623,1.0,,,,0.648559323880623,-0.09625195273611348
,,,0.6498017746926549,1.0,,,,0.6498017746926549,-0.10703219832530303
,,,0.6510442255046867,1.0,,,,0.6510442255046867,-0.1177556828583852
,,,0.6522866763167184,1.0,,,,0.6522866763167184,-0.12842017693497135
,,,0.6535291271287503,1.0,,,,0.6535291271287503,-0.1390234675442469
,,,0.6547715779407822,1.0,,,,0.6547715779407822,-0.14956335867558912
,,,0.656014028752814,1.0,,,,0.656014028752814,-0.16003767192397586
,,,0.6572564795648459,1.0,,,,0.6572564795648459,-0.17044424708999092
,,,0.6584989303768778,1.0,,,,0.6584989303768778,-0.18078094277423287
,,,0.6597413811889096,1.0,,,,0.6597413811889096,-0.19104563696596097
,,,0.6609838320009414,1.0,,,,0.6609838320009414,-0.2012362276257826
,,,0.6622262828129732,1.0,,,,0.6622262828129732,-0.21135063326221262
,,,0.6634687336250051,1.0,,,,0.6634687336250051,-0.22138679350191276
,,,0.6647111844370369,1.0,,,,0.6647111844370369,-0.23134266965345193
,,,0.6659536352490688,1.0,,,,0.6659536352490688,-0.241216245264404
,,,0.6671960860611007,1.0,,,,0.6671960860611007,-0.25100552667160453
,,,0.6684385368731325,1.0,,,,0.6684385368731325,-0.2607085435444117
,,,0.6696809876851643,1.0,,,,0.6696809876851643,-0.2703233494207892
,,,0.6709234384971962,1.0,,,,0.6709234384971962,-0.27984802223605576
,,,0.672165889309228,1.0,,,,0.672165889309228,-0.28928066484412374
,,,0.6734083401212598,1.0,,,,0.6734083401212598,-0.2986194055310807
,,,0.6746507909332917,1.0,,,,0.6746507909332917,-0.3078623985209468
,,,0.6758932417453236,1.0,,,,0.6758932417453236,-0.3170078244734447
,,,0.6771356925573554,1.0,,,,0.6771356925573554,-0.3260538909736405
,,,0.6783781433693872,1.0,,,,0.6783781433693872,-0.33499883301329253
,,,0.6796205941814191,1.0,,,,0.6796205941814191,-0.3438409134637664
,,,0.680863044993451,1.0,,,,0.680863044993451,-0.35257842354035634
,,,0.6821054958054827,1.0,,,,0.6821054958054827,-0.3612096832578836
,,,0.6833479466175146,1.0,,,,0.6833479466175146,-0.3697330418774213
,,,0.6845903974295465,1.0,,,,0.6845903974295465,-0.3781468783440004
,,,0.6858328482415783,1.0,,,,0.6858328482415783,-0.386449601715174
,,,0.6870752990536101,1.0,,,,0.6870752990536101,-0.394639651580293
,,,0.688317749865642,1.0,,,,0.688317749865642,-0.40271549847037136
,,,0.6895602006776739,1.0,,,,0.6895602006776739,-0.4106756442583999
,,,0.6908026514897057,1.0,,,,0.6908026514897057,-0.41851862254999794
,,,0.6920451023017375,1.0,,,,0.6920451023017375,-0.4262429990642712
,,,0.6932875531137694,1.0,,,,0.6932875531137694,-0.4338473720047518
,,,0.6945300039258012,1.0,,,,0.6945300039258012,-0.4413303724203157
,,,0.695772454737833,1.0,,,,0.695772454737833,-0.44869066455595225
,,,0.6970149055498649,1.0,,,,0.6970149055498649,-0.4559269461932833
,,,0.6982573563618968,1.0,,,,0.6982573563618968,-0.46303794898071415
,,,0.6994998071739286,1.0,,,,0.6994998071739286,-0.4700224387531234
,,,0.7007422579859605,1.0,,,,0.7007422579859605,-0.4768792158409835
,,,0.7019847087979924,1.0,,,,0.7019847087979924,-0.48360711536880974
,,,0.7032271596100241,1.0,,,,0.7032271596100241,-0.49020500754285307
,,,0.7044696104220559,1.0,,,,0.7044696104220559,-0.49667179792793587
,,,0.7057120612340878,1.0,,,,0.7057120612340878,-0.5030064277133484
,,,0.7069545120461197,1.0,,,,0.7069545120461197,-0.509207873967712
,,,0.7081969628581515,1.0,,,,0.7081969628581515,-0.515275149882739
,,,0.7094394136701834,1.0,,,,0.7094394136701834,-0.5212073050058021
,,,0.7106818644822153,1.0,,,,0.7106818644822153,-0.5270034254612388
,,,0.711924315294247,1.0,,,,0.711924315294247,-0.5326626341603248
,,,0.7131667661062788,1.0,,,,0.7131667661062788,-0.5381840909998413
,,,0.7144092169183107,1.0,,,,0.7144092169183107,-0.5435669930491789
,,,0.7156516677303426,1.0,,,,0.7156516677303426,-0.5488105747259067
,,,0.7168941185423744,1.0,,,,0.7168941185423744,-0.553914107959761
,,,0.7181365693544063,1.0,,,,0.7181365693544063,-0.5588769023449925
,,,0.7193790201664382,1.0,,,,0.7193790201664382,-0.5636983052810187
,,,0.72062147097847,1.0,,,,0.72062147097847,-0.5683777021013441
,,,0.7218639217905017,1.0,,,,0.7218639217905017,-0.5729145161906969
,,,0.7231063726025336,1.0,,,,0.7231063726025336,-0.5773082090903481
,,,0.7243488234145655,1.0,,,,0.7243488234145655,-0.5815582805915697
,,,0.7255912742265973,1.0,,,,0.7255912742265973,-0.5856642688172101
,,,0.7268337250386292,1.0,,,,0.7268337250386292,-0.5896257502913514
,,,0.7280761758506611,1.0,,,,0.7280761758506611,-0.5934423399970224
,,,0.7293186266626929,1.0,,,,0.7293186266626929,-0.5971136914219539
,,,0.7305610774747247,1.0,,,,0.7305610774747247,-0.6006394965923516
,,,0.7318035282867565,1.0,,,,0.7318035282867565,-0.6040194860946787
,,,0.7330459790987884,1.0,,,,0.7330459790987884,-0.6072534290854322
,,,0.7342884299108202,1.0,,,,0.7342884299108202,-0.6103411332889147
,,,0.7355308807228521,1.0,,,,0.7355308807228521,-0.6132824449829953
,,,0.736773331534884,1.0,,,,0.736773331534884,-0.6160772489728585
,,,0.7380157823469158,1.0,,,,0.7380157823469158,-0.6187254685527549
,,,0.7392582331589476,1.0,,,,0.7392582331589476,-0.6212270654557545
,,,0.7405006839709795,1.0,,,,0.7405006839709795,-0.6235820397915225
,,,0.7417431347830113,1.0,,,,0.7417431347830113,-0.6257904299721292
,,,0.7429855855950431,1.0,,,,0.7429855855950431,-0.6278523126259197
,,,0.744228036407075,1.0,,,,0.744228036407075,-0.6297678024994656
,,,0.7454704872191069,1.0,,,,0.7454704872191069,-0.6315370523476264
,,,0.7467129380311387,1.0,,,,0.7467129380311387,-0.6331602528117556
,,,0.7479553888431705,1.0,,,,0.7479553888431705,-0.6346376322860869
,,,0.7491978396552024,1.0,,,,0.7491978396552024,-0.6359694567723401
,,,0.7504402904672343,1.0,,,,0.7504402904672343,-0.6371560297225898
,,,0.751682741279266,1.0,,,,0.751682741279266,-0.6381976918704475
,,,0.7529251920912979,1.0,,,,0.7529251920912979,-0.6390948210506073
,,,0.7541676429033298,1.0,,,,0.7541676429033298,-0.6398478320068087
,,,0.7554100937153616,1.0,,,,0.7554100937153616,-0.6404571761882792
,,,0.7566525445273934,1.0,,,,0.7566525445273934,-0.6409233415347186
,,,0.7578949953394253,1.0,,,,0.7578949953394253,-0.6412468522498904
,,,0.7591374461514572,1.0,,,,0.7591374461514572,-0.6414282685638931
,,,0.760379896963489,1.0,,,,0.760379896963489,-0.6414681864841849
,,,0.7616223477755208,1.0,,,,0.7616223477755208,-0.6413672375354406
,,,0.7628647985875527,1.0,,,,0.7628647985875527,-0.6411260884883216
,,,0.7641072493995845,1.0,,,,0.7641072493995845,-0.6407454410772462
,,,0.7653497002116163,1.0,,,,0.7653497002116163,-0.6402260317072487
,,,0.7665921510236482,1.0,,,,0.7665921510236482,-0.6395686311500213
,,,0.7678346018356801,1.0,,,,0.7678346018356801,-0.6387740442292345
,,,0.7690770526477119,1.0,,,,0.7690770526477119,-0.6378431094952376
,,,0.7703195034597438,1.0,,,,0.7703195034597438,-0.6367766988892435
,,,0.7715619542717757,1.0,,,,0.7715619542717757,-0.6355757173971051
,,,0.7728044050838074,1.0,,,,0.7728044050838074,-0.6342411026927944
,,,0.7740468558958392,1.0,,,,0.7740468558958392,-0.6327738247717005
,,,0.7752893067078711,1.0,,,,0.7752893067078711,-0.6311748855738639
,,,0.776531757519903,1.0,,,,0.776531757519903,-0.6294453185972702
,,,0.7777742083319348,1.0,,,,0.7777742083319348,-0.6275861885013281
,,,0.7790166591439667,1.0,,,,0.7790166591439667,-0.62559859070066
,,,0.7802591099559986,1.0,,,,0.7802591099559986,-0.6234836509493404
,,,0.7815015607680303,1.0,,,,0.7815015607680303,-0.6212425249157151
,,,0.7827440115800621,1.0,,,,0.7827440115800621,-0.6188763977479412
,,,0.783986462392094,1.0,,,,0.783986462392094,-0.6163864836303922
,,,0.7852289132041259,1.0,,,,0.7852289132041259,-0.6137740253310722
,,,0.7864713640161577,1.0,,,,0.7864713640161577,-0.6110402937401898
,,,0.7877138148281896,1.0,,,,0.7877138148281896,-0.6081865874000415
,,,0.7889562656402215,1.0,,,,0.7889562656402215,-0.6052142320263659
,,,0.7901987164522533,1.0,,,,0.7901987164522533,-0.6021245800213207
,,,0.791441167264285,1.0,,,,0.791441167264285,-0.5989190099782494
,,,0.7926836180763169,1.0,,,,0.7926836180763169,-0.5955989261783995
,,,0.7939260688883488,1.0,,,,0.7939260688883488,-0.592165758079764
,,,0.7951685197003807,1.0,,,,0.7951685197003807,-0.588620959798214
,,,0.7964109705124125,1.0,,,,0.7964109705124125,-0.584966009581097
,,,0.7976534213244444,1.0,,,,0.7976534213244444,-0.5812024092734781
,,,0.7988958721364762,1.0,,,,0.7988958721364762,-0.5773316837772063
,,,0.800138322948508,1.0,,,,0.800138322948508,-0.5733553805029851
,,,0.8013807737605398,1.0,,,,0.8013807737605398,-0.5692750688156318
,,,0.8026232245725717,1.0,,,,0.8026232245725717,-0.565092339472721
,,,0.8038656753846036,1.0,,,,0.8038656753846036,-0.5608088040567929
,,,0.8051081261966354,1.0,,,,0.8051081261966354,-0.5564260944013278
,,,0.8063505770086673,1.0,,,,0.8063505770086673,-0.5519458620106776
,,,0.8075930278206991,1.0,,,,0.8075930278206991,-0.5473697774741575
,,,0.8088354786327309,1.0,,,,0.8088354786327309,-0.5426995298744938
,,,0.8100779294447628,1.0,,,,0.8100779294447628,-0.5379368261908333
,,,0.8113203802567946,1.0,,,,0.8113203802567946,-0.533083390696523
,,,0.8125628310688265,1.0,,,,0.8125628310688265,-0.5281409643518613
,,,0.8138052818808583,1.0,,,,0.8138052818808583,-0.523111304192037
,,,0.8150477326928902,1.0,,,,0.8150477326928902,-0.5179961827104632
,,,0.816290183504922,1.0,,,,0.816290183504922,-0.5127973872377272
,,,0.8175326343169538,1.0,,,,0.8175326343169538,-0.5075167193163659
,,,0.8187750851289857,1.0,,,,0.8187750851289857,-0.5021559940716864
,,,0.8200175359410176,1.0,,,,0.8200175359410176,-0.4967170395788585
,,,0.8212599867530495,1.0,,,,0.8212599867530495,-0.49120169622649107
,,,0.8225024375650812,1.0,,,,0.8225024375650812,-0.4856118160769256
,,,0.8237448883771131,1.0,,,,0.8237448883771131,-0.47994926222346335
,,,0.8249873391891449,1.0,,,,0.8249873391891449,-0.47421590814476505
,,,0.8262297900011767,1.0,,,,0.8262297900011767,-0.46841363705663946
,,,0.8274722408132086,1.0,,,,0.8274722408132086,-0.4625443412614576
,,,0.8287146916252405,1.0,,,,0.8287146916252405,-0.4566099214954276
,,,0.8299571424372724,1.0,,,,0.8299571424372724,-0.450612286273955
,,,0.8311995932493041,1.0,,,,0.8311995932493041,-0.4445533512353292
,,,0.832442044061336,0.9996467287229615,,,,0.832442044061336,-0.4384350384829673
,,,0.8336844948733678,0.9991195742516719,,,,0.8336844948733678,-0.43225927592645913
,,,0.8349269456853996,0.9985925588120648,,,,0.8349269456853996,-0.4260279966216421
,,,0.8361693964974315,0.9980656824041398,,,,0.8361693964974315,-0.4197431381099488
,,,0.8374118473094634,0.9975389450278971,,,,0.8374118473094634,-0.4134066417572717
,,,0.8386542981214953,0.9970123466833364,,,,0.8386542981214953,-0.4070204520925768
,,,0.8398967489335271,0.9964858873704581,,,,0.8398967489335271,-0.4005865161465133
,,,0.841139199745559,0.9959595670892619,,,,0.841139199745559,-0.3941067827902575
,,,0.8423816505575907,0.9954333858397479,,,,0.8423816505575907,-0.3875832020748412
,,,0.8436241013696225,0.994907343621916,,,,0.8436241013696225,-0.38101772457119565
,,,0.8448665521816544,0.9931847379109531,,,,0.8448665521816544,-0.3744123007111625
,,,0.8461090029936863,0.9909012079766419,,,,0.8461090029936863,-0.36776888012971787
,,,0.8473514538057182,0.9886203062100767,,,,0.8473514538057182,-0.36108941100864433
,,,0.84859390461775,0.9863420326112572,,,,0.84859390461775,-0.3543758394219037
,,,0.8498363554297819,0.984066387180183,,,,0.8498363554297819,-0.3476301086829483
,,,0.8510788062418136,0.9817933699168543,,,,0.8510788062418136,-0.34085415869422436
,,,0.8523212570538454,0.9795229808212719,,,,0.8523212570538454,-0.33404992529910005
,,,0.8535637078658773,0.9772552198934353,,,,0.8535637078658773,-0.32721933963646854
,,,0.8548061586779092,0.9749900871333441,,,,0.8548061586779092,-0.3203643274982746
,,,0.8560486094899411,0.9727275825409988,,,,0.8560486094899411,-0.3134868086901973
,,,0.8572910603019729,0.9692736907652792,,,,0.8572910603019729,-0.3065886963957413
,,,0.8585335111140048,0.9652906940480899,,,,0.8585335111140048,-0.2996718965439723
,,,0.8597759619260366,0.9613158977711576,,,,0.8597759619260366,-0.29273830718114774
,,,0.8610184127380683,0.9573493019344825,,,,0.8610184127380683,-0.28578981784647334
,,,0.8622608635501002,0.953390906538064,,,,0.8622608635501002,-0.2788283089522311
,,,0.8635033143621321,0.9494407115819016,,,,0.8635033143621321,-0.2718556511685234
,,,0.864745765174164,0.9454987170659974,,,,0.864745765174164,-0.26487370481286127
,,,0.8659882159861958,0.9415649229903503,,,,0.8659882159861958,-0.2578843192448431
,,,0.8672306667982277,0.9376393293549595,,,,0.8672306667982277,-0.25088933226615384
,,,0.8684731176102595,0.9337219361598259,,,,0.8684731176102595,-0.24389056952612936
,,,0.8697155684222913,0.9287001654260005,,,,0.8697155684222913,-0.2368898439331077
,,,0.8709580192343231,0.9232166070312097,,,,0.8709580192343231,-0.2298889550718063
,,,0.872200470046355,0.9177492855856297,,,,0.872200470046355,-0.22288968862696082
,,,0.8734429208583869,0.9122982010892615,,,,0.8734429208583869,-0.2158938158134435
,,,0.8746853716704187,0.906863353542106,,,,0.8746853716704187,-0.208903092813097
,,,0.8759278224824506,0.9014447429441612,,,,0.8759278224824506,-0.20191926021850665
,,,0.8771702732944824,0.8960423692954281,,,,0.8771702732944824,-0.1949440424839394
,,,0.8784127241065142,0.8906562325959075,,,,0.8784127241065142,-0.18797914738366253
,,,0.8796551749185461,0.8852863328455981,,,,0.8796551749185461,-0.18102626547786754
,,,0.880897625730578,0.8799326700445002,,,,0.880897625730578,-0.17408706958642162
,,,0.8821400765426098,0.8736002626188945,,,,0.8821400765426098,-0.16716321427065087
,,,0.8833825273546416,0.8668859548475348,,,,0.8833825273546416,-0.16025633532337796
,,,0.8846249781666735,0.8601975490891441,,,,0.8846249781666735,-0.15336804926741757
,,,0.8858674289787053,0.8535350453437224,,,,0.8858674289787053,-0.1464999528627468
,,,0.8871098797907371,0.8468984436112704,,,,0.8871098797907371,-0.13965362262254524
,,,0.888352330602769,0.8402877438917876,,,,0.888352330602769,-0.13283061433831198
,,,0.8895947814148009,0.8337029461852726,,,,0.8895947814148009,-0.1260324626142649
,,,0.8908372322268328,0.8271440504917259,,,,0.8908372322268328,-0.11926068041120794
,,,0.8920796830388645,0.8206110568111498,,,,0.8920796830388645,-0.1125167586000691
,,,0.8933221338508964,0.8141039651435428,,,,0.8933221338508964,-0.10580216552529333
,,,0.8945645846629282,0.806772740538911,,,,0.8945645846629282,-0.09911834657828636
,,,0.89580703547496,0.7991457251207267,,,,0.89580703547496,-0.09246672378108313
,,,0.8970494862869919,0.7915549330186479,,,,0.8970494862869919,-0.08584869538042637
,,,0.8982919370990238,0.7840003642326756,,,,0.8982919370990238,-0.07926563545243756
,,,0.8995343879110557,0.776482018762808,,,,0.8995343879110557,-0.0727188935180432
,,,0.9007768387230874,0.7689998966090468,,,,0.9007768387230874,-0.06620979416933519
,,,0.9020192895351193,0.7615539977713903,,,,0.9020192895351193,-0.05973963670702468
,,,0.9032617403471511,0.7541443222498392,,,,0.9032617403471511,-0.0533096947891604
,,,0.9045041911591829,0.7467708700443939,,,,0.9045041911591829,-0.04692121609125928
,,,0.9057466419712148,0.739433641155055,,,,0.9057466419712148,-0.04057542197800837
,,,0.9069890927832467,0.7314444023775688,,,,0.9069890927832467,-0.034273507186693024
,,,0.9082315435952786,0.723245474421959,,,,0.9082315435952786,-0.028016639522486734
,,,0.9094739944073104,0.7150927576585503,,,,0.9094739944073104,-0.021805959565752597
,,,0.9107164452193423,0.7069862520873439,,,,0.9107164452193423,-0.015642580391487162
,,,0.911958896031374,0.6989259577083374,,,,0.911958896031374,-0.00952758730104742
,,,0.9132013468434058,0.6909118745215334,,,,0.9132013468434058,-0.003462037566278839
,,,0.9144437976554377,0.6829440025269292,,,,0.9144437976554377,0.002553039813827593
,,,0.9156862484674696,0.6750223417245262,,,,0.9156862484674696,0.008516644343826308
,,,0.9169286992795015,0.6671468921143244,,,,0.9169286992795015,0.014427804249752374
,,,0.9181711500915333,0.6593176536963249,,,,0.9181711500915333,0.020285576684184146
,,,0.9194136009035652,0.6510140079714469,,,,0.9194136009035652,0.026089047918335873
,,,0.920656051715597,0.6425812754716019,,,,0.920656051715597,0.03183733352107382
,,,0.9218985025276287,0.6342035151363977,,,,0.9218985025276287,0.03752957852477216
,,,0.9231409533396606,0.6258807269658323,,,,0.9231409533396606,0.04316495757791605
,,,0.9243834041516925,0.6176129109599067,,,,0.9243834041516925,0.04874267508436518
,,,0.9256258549637244,0.6094000671186207,,,,0.9256258549637244,0.054261965329209384
,,,0.9268683057757562,0.6012421954419758,,,,0.9268683057757562,0.05972209259113752
,,,0.9281107565877881,0.5931392959299706,,,,0.9281107565877881,0.06512235124125872
,,,0.9293532073998199,0.585091368582604,,,,0.9293532073998199,0.07046206582830845
,,,0.9305956582118516,0.5770984133998772,,,,0.9305956582118516,0.07574059115019346
,,,0.9318381090238835,0.5688027717817976,,,,0.9318381090238835,0.08095731231182247
,,,0.9330805598359154,0.5604488579876508,,,,0.9330805598359154,0.08611164476917589
,,,0.9343230106479473,0.552156745149711,,,,0.9343230106479473,0.09120303435958575
,,,0.9355654614599791,0.5439264332679811,,,,0.9355654614599791,0.09623095731818807
,,,0.936807912272011,0.5357579223424568,,,,0.936807912272011,0.1011949202805277
,,,0.9380503630840428,0.5276512123731434,,,,0.9380503630840428,0.10609446027129048
,,,0.9392928138960746,0.5196063033600384,,,,0.9392928138960746,0.11092914467915778
,,,0.9405352647081064,0.5116231953031404,,,,0.9405352647081064,0.11569857121777385
,,,0.9417777155201383,0.5037018882024509,,,,0.9417777155201383,0.12040236787282226
,,,0.9430201663321702,0.4958423820579697,,,,0.9430201663321702,0.1250401928352255
,,,0.944262617144202,0.48783638565542886,,,,0.944262617144202,0.12961173442047494
,,,0.9455050679562339,0.4798303203366983,,,,0.9455050679562339,0.13411671097411462
,,,0.9467475187682658,0.4718904949520517,,,,0.9467475187682658,0.13855487076339937
,,,0.9479899695802975,0.46401690950148994,,,,0.9479899695802975,0.14292599185516713
,,,0.9492324203923294,0.4562095639850108,,,,0.9492324203923294,0.14722988197996129
,,,0.9504748712043612,0.44846845840261557,,,,0.9504748712043612,0.1514663783824461
,,,0.9517173220163931,0.44079359275430396,,,,0.9517173220163931,0.15563534765817494
,,,0.9529597728284249,0.4331849670400773,,,,0.9529597728284249,0.1597366855767656
,,,0.9542022236404567,0.4256425812599344,,,,0.9542022236404567,0.16377031689155233
,,,0.9554446744524887,0.4181664354138732,,,,0.9554446744524887,0.16773619513578625
,,,0.9566871252645204,0.41067728514618534,,,,0.9566871252645204,0.1716343024054627
,,,0.9579295760765524,0.4032323516103301,,,,0.9579295760765524,0.1754646491288728
,,,0.9591720268885842,0.3958555192398795,,,,0.9591720268885842,0.17922727382295625
,,,0.9604144777006159,0.3885467880348313,,,,0.9604144777006159,0.18292224283657693
,,,0.961656928512648,0.3813061579951847,,,,0.961656928512648,0.1865496500808129
,,,0.9628993793246797,0.37413362912094056,,,,0.9628993793246797,0.19010961674638352
,,,0.9641418301367115,0.36702920141210005,,,,0.9641418301367115,0.19360229100834192
,,,0.9653842809487434,0.35999287486866,,,,0.9653842809487434,0.197027847718151
,,,0.9666267317607752,0.3530246494906245,,,,0.9666267317607752,0.20038648808328582
,,,0.967869182572807,0.3461245252779915,,,,0.967869182572807,0.20367843933451238
,,,0.969111633384839,0.33931781180387904,,,,0.969111633384839,0.20690395438098233
,,,0.9703540841968707,0.33258576087512914,,,,0.9703540841968707,0.21006331145330867
,,,0.9715965350089028,0.32592116255269615,,,,0.9715965350089028,0.21315681373479253
,,,0.9728389858209345,0.31932401683658107,,,,0.9728389858209345,0.21618478898096136
,,,0.9740814366329662,0.31279432372678273,,,,0.9740814366329662,0.21914758912761373
,,,0.9753238874449982,0.30633208322329936,,,,0.9753238874449982,0.22204558988754536
,,,0.97656633825703,0.2999372953261338,,,,0.97656633825703,0.22487919033615605
,,,0.9778087890690618,0.29360996003528594,,,,0.9778087890690618,0.2276488124861437
,,,0.9790512398810938,0.28735007735075413,,,,0.9790512398810938,0.23035490085148444
,,,0.9802936906931256,0.28115764727254,,,,0.9802936906931256,0.23299792200092115
,,,0.9815361415051573,0.27513643423239215,,,,0.9815361415051573,0.23557836410118543
,,,0.9827785923171892,0.2692076815050581,,,,0.9827785923171892,0.2380967364501762
,,,0.984021043129221,0.26334350401676193,,,,0.984021043129221,0.24055356900033628
,,,0.9852634939412528,0.2575439017675031,,,,0.9852634939412528,0.24294941187247454
,,,0.9865059447532848,0.25180887475727975,,,,0.9865059447532848,0.24528483486027733
,,,0.9877483955653166,0.24613842298609526,,,,0.9877483955653166,0.24756042692577224
,,,0.9889908463773486,0.24053254645394717,,,,0.9889908463773486,0.24977679568601183
,,,0.9902332971893804,0.23499124516083625,,,,0.9902332971893804,0.2519345668912408
,,,0.991475748001412,0.2295145191067634,,,,0.991475748001412,0.25403438389483657
,,,0.992718198813444,0.22410236829172617,,,,0.992718198813444,0.25607690711529985
,,,0.9939606496254758,0.2189115960712054,,,,0.9939606496254758,0.2580628134905906
,,,0.9952031004375076,0.21382039345092757,,,,0.9952031004375076,0.25999279592511315
,,,0.9964455512495396,0.2087890922056157,,,,0.9964455512495396,0.2618675627296483
,,,0.9976880020615714,0.20381769233527036,,,,0.9976880020615714,0.2636878370545485
,,,0.9989304528736032,0.1989061938398924,,,,0.9989304528736032,0.2654543563165182
,,,1.000172903685635,0.19405459671947958,,,,1.000172903685635,0.2671678716192973
,,,1.001415354497667,0.1892629009740348,,,,1.001415354497667,0.26882914716858325
,,,1.0026578053096986,0.18453110660355662,,,,1.0026578053096986,0.2704389596815314
,,,1.0039002561217305,0.17985921360804366,,,,1.0039002561217305,0.27199809779117184
,,,1.0051427069337624,0.17524722198749867,,,,1.0051427069337624,0.2735073614460954
,,,1.0063851577457943,0.17088204786473937,,,,1.0063851577457943,0.27496756130576666
,,,1.0076276085578262,0.16661522958974176,,,,1.0076276085578262,0.2763795181318192
,,,1.0088700593698579,0.1624023568335309,,,,1.0088700593698579,0.27774406217570735
,,,1.01011251018189,0.15824342959610682,,,,1.01011251018189,0.27906203256308115
,,,1.0113549609939216,0.15413844787747133,,,,1.0113549609939216,0.28033427667526495
,,,1.0125974118059533,0.15008741167762318,,,,1.0125974118059533,0.28156164952822516
,,,1.0138398626179854,0.14609032099656183,,,,1.0138398626179854,0.28274501314941125
,,,1.015082313430017,0.14214717583428843,,,,1.015082313430017,0.28388523595286685
,,,1.016324764242049,0.13825797619080182,,,,1.016324764242049,0.284983192113009
,,,1.0175672150540809,0.13442272206610253,,,,1.0175672150540809,0.2860397609374781
,,,1.0188096658661128,0.13083922202441786,,,,1.0188096658661128,0.2870558262394659
,,,1.0200521166781444,0.12734698531601815,,,,1.0200521166781444,0.28803227570993606
,,,1.0212945674901763,0.12390198689821852,,,,1.0212945674901763,0.2889700002901521
,,,1.0225370183022082,0.12050422677102038,,,,1.0225370183022082,0.28986989354493203
,,,1.0237794691142401,0.11715370493442326,,,,1.0237794691142401,0.2907328510370592
,,,1.025021919926272,0.11385042138842764,,,,1.025021919926272,0.2915597697032713
,,,1.0262643707383037,0.110594376133033,,,,1.0262643707383037,0.29235154723226464
,,,1.0275068215503358,0.10738556916823848,,,,1.0275068215503358,0.29310908144514597
,,,1.0287492723623675,0.10422400049404586,,,,1.0287492723623675,0.2938332696787705
,,,1.0299917231743994,0.10110967011045427,,,,1.0299917231743994,0.2945250081724094
,,,1.0312341739864312,0.098236377111258,,,,1.0312341739864312,0.2951851914581881
,,,1.032476624798463,0.09544364154423868,,,,1.032476624798463,0.29581471175574314
,,,1.0337190756104948,0.09269117743861782,,,,1.0337190756104948,0.29641445837154684
,,,1.0349615264225267,0.08997898479439509,,,,1.0349615264225267,0.29698531710334974
,,,1.0362039772345586,0.08730706361157088,,,,1.0362039772345586,0.29752816965019296
,,,1.0374464280465903,0.08467541389014553,,,,1.0374464280465903,0.2980438930284467
,,,1.0386888788586222,0.08208403563011794,,,,1.0386888788586222,0.2985333589943273
,,,1.039931329670654,0.07953292883148964,,,,1.039931329670654,0.29899743347335106
,,,1.041173780482686,0.07702209349425944,,,,1.041173780482686,0.2994369759971828
,,,1.0424162312947178,0.07455152961842779,,,,1.0424162312947178,0.2998528391483338
,,,1.0436586821067495,0.07230051753645805,,,,1.0436586821067495,0.30024586801317027
,,,1.0449011329187816,0.07011765799517657,,,,1.0449011329187816,0.3006168996436871
,,,1.0461435837308133,0.06796825735500607,,,,1.0461435837308133,0.30096676252850646
,,,1.0473860345428452,0.06585231561594627,,,,1.0473860345428452,0.3012962760735564
,,,1.048628485354877,0.06376983277799658,,,,1.048628485354877,0.30160625009288533
,,,1.0498709361669087,0.0617208088411579,,,,1.0498709361669087,0.3018974843100661
,,,1.0511133869789406,0.0597052438054302,,,,1.0511133869789406,0.30217076787064334
,,,1.0523558377909725,0.05772313767081291,,,,1.0523558377909725,0.302426878866073
,,,1.0535982886030044,0.0557744904373066,,,,1.0535982886030044,0.3026665838696024
,,,1.054840739415036,0.0538593021049107,,,,1.054840739415036,0.3028906374845371
,,,1.056083190227068,0.052135870666946346,,,,1.056083190227068,0.3030997819053358
,,,1.0573256410390999,0.05046796487619474,,,,1.0573256410390999,0.30329474649197147
,,,1.0585680918511318,0.04882717399315225,,,,1.0585680918511318,0.303476247357995
,,,1.0598105426631637,0.04721349801781934,,,,1.0598105426631637,0.3036449869727309
,,,1.0610529934751953,0.04562693695019556,,,,1.0610529934751953,0.30380165377803103
,,,1.0622954442872274,0.04406749079028115,,,,1.0622954442872274,0.3039469218200076
,,,1.0635378950992591,0.04253515953807631,,,,1.0635378950992591,0.3040814503961603
,,,1.064780345911291,0.04102994319358081,,,,1.064780345911291,0.3042058837183081
,,,1.066022796723323,0.039551841756794257,,,,1.066022796723323,0.30432085059172737
,,,1.0672652475353546,0.03810085522771748,,,,1.0672652475353546,0.30442696411089376
,,,1.0685076983473865,0.03681125458814131,,,,1.0685076983473865,0.3045248213722168
,,,1.0697501491594184,0.035565357234172756,,,,1.0697501491594184,0.30461500320414847
,,,1.0709925999714502,0.03434090845575783,,,,1.0709925999714502,0.30469807391503884
,,,1.072235050783482,0.03313790825289636,,,,1.072235050783482,0.30477458105910377
,,,1.0734775015955138,0.031956356625588,,,,1.0734775015955138,0.3048450552208604
,,,1.0747199524075457,0.030796253573833438,,,,1.0747199524075457,0.30491000981837485
,,,1.0759624032195776,0.029657599097632163,,,,1.0759624032195776,0.30496994092565993
,,,1.0772048540316095,0.028540393196984346,,,,1.0772048540316095,0.30502532711454533
,,,1.0784473048436412,0.027444635871890142,,,,1.0784473048436412,0.3050766293163368
,,,1.0796897556556733,0.026370327122349234,,,,1.0796897556556733,0.3051242907035639
,,,1.080932206467705,0.025427318319294692,,,,1.080932206467705,0.305168736592107
,,,1.0821746572797368,0.02451761206896777,,,,1.0821746572797368,0.3052103743639812
,,,1.0834171080917687,0.023624476751954837,,,,1.0834171080917687,0.3052495934110381
,,,1.0846595589038004,0.022747912368256264,,,,1.0846595589038004,0.3052867650998378
,,,1.0859020097158323,0.021887918917871785,,,,1.0859020097158323,0.3053222427579237
,,,1.0871444605278642,0.021044496400801298,,,,1.0871444605278642,0.3053563616817187
,,,1.088386911339896,0.020217644817044914,,,,1.088386911339896,0.30538943916625066
,,,1.0896293621519277,0.019407364166602742,,,,1.0896293621519277,0.3054217745568883
,,,1.0908718129639596,0.01861365444947457,,,,1.0908718129639596,0.3054536493232619
,,,1.0921142637759915,0.017836515665660614,,,,1.0921142637759915,0.30548532715551974
,,,1.0933567145880234,0.017162851921351783,,,,1.0933567145880234,0.3055170540830522
,,,1.0945991654000553,0.01651379300100058,,,,1.0945991654000553,0.30554905861580134
,,,1.095841616212087,0.015877244727482726,,,,1.095841616212087,0.30558155190824754
,,,1.097084067024119,0.015253207100798308,,,,1.097084067024119,0.30561472794614947
,,,1.0983265178361508,0.014641680120947412,,,,1.0983265178361508,0.30564876375608935
,,,1.0995689686481827,0.014042663787929953,,,,1.0995689686481827,0.30568381963785485
,,,1.1008114194602145,0.013456158101745759,,,,1.1008114194602145,0.305720039419666
,,,1.1020538702722462,0.012882163062395088,,,,1.1020538702722462,0.3057575507362321
,,,1.103296321084278,0.012320678669877934,,,,1.103296321084278,0.3057964653295983
,,,1.10453877189631,0.011771704924194139,,,,1.10453877189631,0.30583687937271925
,,,1.105781222708342,0.011301817295155078,,,,1.105781222708342,0.3058788738156681
,,,1.1070236735203736,0.010849572347965594,,,,1.1070236735203736,0.30592251475436516
,,,1.1082661243324055,0.010406561440374782,,,,1.1082661243324055,0.3059678538216814
,,,1.1095085751444373,0.009972784572382709,,,,1.1095085751444373,0.30601492860074536
,,,1.1107510259564692,0.009548241743989185,,,,1.1107510259564692,0.30606376306025135
,,,1.1119934767685011,0.009132932955194458,,,,1.1119934767685011,0.3061143680115378
,,,1.1132359275805328,0.008726858205998403,,,,1.1132359275805328,0.3061667415871741
,,,1.114478378392565,0.008330017496400962,,,,1.114478378392565,0.30622086974076207
,,,1.1157208292045966,0.007942410826402199,,,,1.1157208292045966,0.3062767267676251
,,,1.1169632800166285,0.007564038196002162,,,,1.1169632800166285,0.30633427584602574
,,,1.1182057308286604,0.007244315755092781,,,,1.1182057308286604,0.30639346959851843
,,,1.119448181640692,0.006936878206264743,,,,1.119448181640692,0.30645425067300575
,,,1.120690632452724,0.0066361064540472105,,,,1.120690632452724,0.3065165523430339
,,,1.1219330832647558,0.006342000498440095,,,,1.1219330832647558,0.3065802991268245
,,,1.1231755340767877,0.006054560339443569,,,,1.1231755340767877,0.30664540742449997
,,,1.1244179848888194,0.005773785977057546,,,,1.1244179848888194,0.3067117861729239
,,,1.1256604357008513,0.005499677411281989,,,,1.1256604357008513,0.3067793375175333
,,,1.1269028865128832,0.005232234642116973,,,,1.1269028865128832,0.30684795750050253
,,,1.128145337324915,0.004971457669562386,,,,1.128145337324915,0.30691753676453337
,,,1.129387788136947,0.004717346493618344,,,,1.129387788136947,0.30698796127152417
,,,1.1306302389489786,0.004505428702758805,,,,1.1306302389489786,0.30705911303532424
,,,1.1318726897610107,0.004301820441392217,,,,1.1318726897610107,0.30713087086773816
,,,1.1331151405730424,0.004102919877516897,,,,1.1331151405730424,0.3072031111368925
,,,1.1343575913850743,0.003908727011132787,,,,1.1343575913850743,0.30727570853703534
,,,1.1356000421971062,0.0037192418422399174,,,,1.1356000421971062,0.3073485368687849
,,,1.1368424930091379,0.0035344643708383134,,,,1.1368424930091379,0.3074214698287982
,,,1.1380849438211698,0.0033543945969279477,,,,1.1380849438211698,0.30749438180777566
,,,1.1393273946332017,0.0031790325205087702,,,,1.1393273946332017,0.3075671486956667
,,,1.1405698454452335,0.003008378141580883,,,,1.1405698454452335,0.3076396486928886
,,,1.1418122962572652,0.0028424314601442095,,,,1.1418122962572652,0.30771176312631393
,,,1.1430547470692973,0.002705899371092078,,,,1.1430547470692973,0.3077833772687278
,,,1.144297197881329,0.0025748276652630894,,,,1.144297197881329,0.3078543811603973
,,,1.145539648693361,0.0024470097611846743,,,,1.145539648693361,0.3079246704313377
,,,1.1467820995053928,0.0023224456588569046,,,,1.1467820995053928,0.30799414712279977
,,,1.1480245503174245,0.0022011353582797265,,,,1.1480245503174245,0.30806272050644123
,,,1.1492670011294566,0.0020830788594531574,,,,1.1492670011294566,0.3081303078995832
,,,1.1505094519414882,0.001968276162377215,,,,1.1505094519414882,0.30819683547488796
,,,1.1517519027535201,0.0018567272670518805,,,,1.1517519027535201,0.3082622390627297
,,,1.152994353565552,0.0017484321734771242,,,,1.152994353565552,0.30832646494446286
,,,1.1542368043775837,0.001643390881653008,,,,1.1542368043775837,0.30838947063472427
,,,1.1554792551896156,0.001558177163865372,,,,1.1554792551896156,0.3084512256508369
,,,1.1567217060016475,0.0014764492440370194,,,,1.1567217060016475,0.30851171226731194
,,,1.1579641568136794,0.0013969228026143561,,,,1.1579641568136794,0.3085709262533707
,,,1.159206607625711,0.0013195978395973578,,,,1.159206607625711,0.3086288775913398
,,,1.1604490584377432,0.001244474354986014,,,,1.1604490584377432,0.30868559117369093
,,,1.1616915092497748,0.0011715523487803357,,,,1.1616915092497748,0.30874110747642586
,,,1.1629339600618067,0.001100831820980314,,,,1.1629339600618067,0.30879548320642375
,,,1.1641764108738386,0.0010323127715859773,,,,1.1641764108738386,0.3088487919202917
,,,1.1654188616858703,0.0009659952005973063,,,,1.1654188616858703,0.3089011246121762
,,,1.1666613124979024,0.0009018791080142914,,,,1.1666613124979024,0.30895259026790894
,,,1.167903763309934,0.0008506353033326586,,,,1.167903763309934,0.3090033163827798
,,,1.169146214121966,0.000801553318864137,,,,1.169146214121966,0.309053449440137
,,,1.1703886649339978,0.0007539297471391229,,,,1.1703886649339978,0.3091031553479342
,,,1.1716311157460295,0.0007077645881576296,,,,1.1716311157460295,0.30915261983024617
,,,1.1728735665580614,0.0006630578419196506,,,,1.1728735665580614,0.30920204877069124
,,,1.1741160173700933,0.0006198095084251736,,,,1.1741160173700933,0.3092516685045996
,,,1.1753584681821252,0.0005780195876742172,,,,1.1753584681821252,0.3093017260566753
,,,1.1766009189941569,0.000537688079666781,,,,1.1766009189941569,0.3093524893208006
,,,1.177843369806189,0.0004988149844028534,,,,1.177843369806189,0.3094042471785353
,,,1.1790858206182206,0.00046140030188244574,,,,1.1790858206182206,0.30945730955276246
,,,1.1803282714302525,0.00043197899506985975,,,,1.1803282714302525,0.3095120073928274
,,,1.1815707222422844,0.00040386063276967783,,,,1.1815707222422844,0.30956869258741937
,,,1.182813173054316,0.0003766884640845054,,,,1.182813173054316,0.30962773780133135
,,,1.1840556238663482,0.00035046248901433484,,,,1.1840556238663482,0.30968953623213247
,,,1.1852980746783799,0.00032518270755918136,,,,1.1852980746783799,0.30975450128267484
,,,1.1865405254904118,0.00030084911971903385,,,,1.1865405254904118,0.30982306614524474
,,,1.1877829763024437,0.000277461725493899,,,,1.1877829763024437,0.3098956832930562
,,,1.1890254271144753,0.0002550205248837706,,,,1.1890254271144753,0.30997282387466957
,,,1.1902678779265072,0.00023352551788865476,,,,1.1902678779265072,0.3100549770067973
,,,1.1915103287385391,0.00021297670450854246,,,,1.1915103287385391,0.3101426489608443
,,,1.192752779550571,0.00019711664726951346,,,,1.192752779550571,0.3102363622384042
,,,1.1939952303626027,0.00018202073247662666,,,,1.1939952303626027,0.31033665453081233
,,,1.1952376811746348,0.00016752612224352803,,,,1.1952376811746348,0.31044407755772857
,,,1.1964801319866665,0.00015363281657021957,,,,1.1964801319866665,0.3105591957795968
,,,1.1977225827986984,0.00014034081545669544,,,,1.1977225827986984,0.31068258497869594
,,,1.1989650336107303,0.00012765011890296323,,,,1.1989650336107303,0.3108148307033672
,,,1.200207484422762,0.00011556072690901899,,,,1.200207484422762,0.31095652656986605
,,,1.201449935234794,0.00010407263947486122,,,,1.201449935234794,0.3111082724161523
,,,1.2026923860468257,9.318585660049161e-05,,,,1.2026923860468257,0.3112706723017913
,,,1.2039348368588576,8.290037828591168e-05,,,,1.2039348368588576,0.3114443323479993
,,,1.2051772876708895,7.514891727254188e-05,,,,1.2051772876708895,0.3116298584117212
,,,1.2064197384829212,6.783500153223826e-05,,,,1.2064197384829212,0.31182785358748544
,,,1.207662189294953,6.089545237447136e-05,,,,1.207662189294953,0.31203891553062896
,,,1.208904640106985,5.433026979924133e-05,,,,1.208904640106985,0.3122636335953377
,,,1.2101470909190168,4.8139453806550925e-05,,,,1.2101470909190168,0.3125025857807952
,,,1.2113895417310485,4.232300439639821e-05,,,,1.2113895417310485,0.3127563354785722
,,,1.2126319925430806,3.6880921568782426e-05,,,,1.2126319925430806,0.3130254280142386
,,,1.2138744433551123,3.1813205323704424e-05,,,,1.2138744433551123,0.3133103869760135
,,,1.2151168941671442,2.7119855661164216e-05,,,,1.2151168941671442,0.3136117103231091
,,,1.216359344979176,2.2800872581162397e-05,,,,1.216359344979176,0.3139298662662564
,,,1.2176017957912078,1.9671113616049998e-05,,,,1.2176017957912078,0.3142652889127365
,,,1.2188442466032399,1.6787822028971077e-05,,,,1.2188442466032399,0.31461837366806483
,,,1.2200866974152715,1.4132908185985996e-05,,,,1.2200866974152715,0.31498947238630914
,,,1.2213291482273034,1.1706372087092375e-05,,,,1.2213291482273034,0.31537888826084076
,,,1.2225715990393353,9.5082137322913e-06,,,,1.2225715990393353,0.31578687044714193
,,,1.223814049851367,7.538433121582148e-06,,,,1.223814049851367,0.31621360840911145
,,,1.2250565006633989,5.797030254965246e-06,,,,1.2250565006633989,0.31665922598012647
,,,1.2262989514754308,4.2840051324405964e-06,,,,1.2262989514754308,0.3171237751299305
,,,1.2275414022874627,2.9993577540083648e-06,,,,1.2275414022874627,0.31760722942822767
,,,1.2287838530994943,1.943088119668319e-06,,,,1.2287838530994943,0.31810947719567423
,,,1.2300263039115265,1.933678730932602e-06,,,,1.2300263039115265,0.31863031433275857
,,,1.2312687547235581,1.933678730932602e-06,,,,1.2312687547235581,0.31916943681686405
,,,1.23251120553559,1.933678730932602e-06,,,,1.23251120553559,0.31972643285761193
,,,1.233753656347622,1.933678730932602e-06,,,,1.233753656347622,0.32030077470036894
,,,1.2349961071596536,1.933678730932602e-06,,,,1.2349961071596536,0.320891810067607
,,,1.2362385579716857,1.933678730932602e-06,,,,1.2362385579716857,0.3214987532275841
,,,1.2374810087837174,1.933678730932602e-06,,,,1.2374810087837174,0.3221206756796068
,,,1.2387234595957493,1.933678730932602e-06,,,,1.2387234595957493,0.3227564964449181
,,,1.2399659104077811,1.933678730932602e-06,,,,1.2399659104077811,0.3234049719520333
,,,1.2412083612198128,1.933678730932602e-06,,,,1.2412083612198128,0.3234056204528172
