temperature_uK,samples,nominal_decay_edge_process_infidelity,blockade_average_process_infidelity_including_decay,doppler_average_process_infidelity_including_decay,blockade_excess_process_infidelity_over_nominal_decay_edge,doppler_excess_process_infidelity_over_nominal_decay_edge,thermal_effect_excess_process_infidelity_sum,estimated_total_process_infidelity_decay_edge_plus_thermal_sum,blockade_process_infidelity_standard_error,doppler_process_infidelity_standard_error,blockade_average_loss_proxy,doppler_average_loss_proxy,nominal_loss_proxy,sigma_relative_position_nm,blockade_sigma_mhz_linear,common_mode_doppler_sigma_over_2pi_khz,position_clip_fraction
0.1,4096,0.0007189767417240533,0.0007202288370079976,0.0007199270030135163,1.2520952839442353e-06,9.502612894629354e-07,2.2023565734071706e-06,0.0007211790982974605,2.7606951527130157e-08,2.0461991983449197e-08,0.000718977756757422,0.0007190979467263687,0.000718927743755593,9.926226081631958,3.1763923461222268,5.1646503703091025,0.0
0.25,4096,0.0007189767417240533,0.0007220470666087673,0.000721310946807662,3.070324884713949e-06,2.334205083608619e-06,5.404529968322568e-06,0.0007243812716923759,6.879370689274162e-08,5.115750724673007e-08,0.0007190414461891901,0.0007193460363150199,0.000718927743755593,15.694741493862725,5.022317278036072,8.166029244304411,0.0
0.5,4096,0.0007189767417240533,0.000725083022586032,0.0007236168941221308,6.106280861978611e-06,4.64015239807743e-06,1.0746433260056041e-05,0.0007297231749841094,1.3830715982311606e-07,1.0232179103102227e-07,0.000719144738137882,0.00071975946659712,0.000718927743755593,22.195716278560432,7.102629209139338,11.548509308030614,0.0
1.0,4096,0.0007189767417240533,0.0007311827665199744,0.0007282286898639193,1.2206024795921025e-05,9.251948139865932e-06,2.1457972935786957e-05,0.0007404347146598403,2.801220042669537e-07,2.046816085406515e-07,0.0007193526403705372,0.0007205863616491281,0.000718927743755593,31.38948298772545,10.044634556072143,16.332058488608823,0.0
1.490968689549,4096,0.0007189767417240533,0.0007372075072873288,0.0007327565291174246,1.8230765563275473e-05,1.3779787393371212e-05,3.2010552956646685e-05,0.0007509872946807,4.2276619591152146e-07,3.05177354187031e-07,0.0007195584081278929,0.0007213982167637611,0.000718927743755593,38.32820001511627,12.265024004837207,19.942297382048608,0.0
2.0,4096,0.0007189767417240533,0.0007434900849488818,0.0007374509754397606,2.451334322482843e-05,1.8474233715707255e-05,4.2987576940535684e-05,0.000761964318664589,5.740553620775202e-07,4.0937476459584733e-07,0.000719773358795644,0.0007222399433446302,0.000718927743755593,44.391432557120865,14.205258418278676,23.097018616061227,0.0
3.0,4096,0.0007189767417240533,0.000755939724517745,0.0007466733500645208,3.696298279369167e-05,2.7696608340467424e-05,6.46595911341591e-05,0.0007836363328582124,8.813608864912214e-07,6.140384445443211e-07,0.0007202006939639749,0.0007238935247067598,0.000718927743755593,54.3681793580594,17.397817394579008,28.287955094457043,0.0
5.0,4096,0.0007189767417240533,0.0007812495588533036,0.0007651163946576234,6.227281712925027e-05,4.6139652933570004e-05,0.00010841247006282027,0.0008273892117868736,1.534826559966496e-06,1.0233053830927539e-06,0.0007210704964840118,0.0007272003291818934,0.000718927743755593,70.1890177391273,22.46048567652073,36.51959299303179,0.0
10.0,4096,0.0007189767417240533,0.0008469211269052973,0.0008112169513203871,0.00012794438518124395,9.224020959633372e-05,0.00022018459477757767,0.000939161336501631,3.391993933736541e-06,2.0460269580979476e-06,0.0007233352832442541,0.0007354659826531732,0.000718927743755593,99.26226081631958,31.763923461222262,51.64650370309102,0.0
