edge_kind,epsilon,amplitude_scale,decay_only_baseline_fidelity,process_fidelity,delta_from_decay_only,process_infidelity,no_jump_average_fidelity,active_population,loss_proxy,cz_phase_error_rad
gaussian,-0.05,0.95,0.9992240060555032,0.9883015112162148,-0.010922494839288421,0.01169848878378521,0.9894662949201546,0.9941254297359138,0.005874570264086221,-0.004587567372598578
gaussian,-0.049,0.951,0.9992240060555032,0.9887405586474196,-0.010483447408083602,0.01125944135258039,0.9898590415805455,0.9943329733130487,0.005667026686951293,-0.004148520336400452
gaussian,-0.048,0.952,0.9992240060555032,0.9891704113914126,-0.010053594664090615,0.010829588608587404,0.9902435375308949,0.9945360420888243,0.00546395791117571,-0.00372319167044477
gaussian,-0.047,0.953,0.9992240060555032,0.9895910779023347,-0.009632928153168518,0.010408922097665307,0.9906197910079564,0.9947346434304435,0.005265356569556512,-0.003311562990764294
gaussian,-0.046,0.954,0.9992240060555032,0.9900025669336786,-0.009221439121824604,0.009997433066321393,0.9909878105349138,0.9949287849398549,0.005071215060145073,-0.0029136150259905236
gaussian,-0.045000000000000005,0.955,0.9992240060555032,0.9904048875379484,-0.008819118517554791,0.00959511246205158,0.991347604921617,0.9951184744562914,0.004881525543708576,-0.0025293276208615545
gaussian,-0.044000000000000004,0.956,0.9992240060555032,0.9907980490662603,-0.008425956989242867,0.009201950933739655,0.9916991832647547,0.9953037200587316,0.004696279941268422,-0.002158679739851177
gaussian,-0.043000000000000003,0.957,0.9992240060555032,0.9911820611679668,-0.0080419448875364,0.00881793883203319,0.9920425549480469,0.9954845300683681,0.004515469931631877,-0.001801649470900557
gaussian,-0.042,0.958,0.9992240060555032,0.9915569337902563,-0.007667072265246877,0.008443066209743666,0.9923777296424096,0.9956609130510226,0.004339086948977444,-0.0014582140292453971
gaussian,-0.041,0.959,0.9992240060555032,0.9919226771777153,-0.007301328877787894,0.008077322822284683,0.9927047173060736,0.995832877819506,0.004167122180493976,-0.001128349761372771
gaussian,-0.04,0.96,0.9992240060555032,0.9922793018718946,-0.0069447041836085965,0.0077206981281053855,0.9930235281847086,0.9960004334359649,0.003999566564035106,-0.0008120321490610038
gaussian,-0.03900000000000001,0.961,0.9992240060555032,0.9926268187108551,-0.006597187344648092,0.007373181289144881,0.9933341728115195,0.9961635892141769,0.0038364107858230856,-0.0005092358135332375
gaussian,-0.038000000000000006,0.962,0.9992240060555032,0.9929652388286823,-0.006258767226820949,0.007034761171317738,0.9936366620073048,0.9963223547217953,0.0036776452782046887,-0.00021993451970603317
gaussian,-0.037000000000000005,0.963,0.9992240060555032,0.9932945736550126,-0.005929432400490597,0.006705426344987386,0.9939310068805266,0.9964767397825826,0.0035232602174174454,5.589881946299613e-05
gaussian,-0.036000000000000004,0.964,0.9992240060555032,0.9936148349145071,-0.005609171140996128,0.0063851650854929165,0.994217218827318,0.9966267544785613,0.0033732455214386947,0.00031829213852141436
gaussian,-0.035,0.965,0.9992240060555032,0.993926034626333,-0.005297971429170212,0.006073965373667001,0.9944953095314979,0.9967724091521579,0.0032275908478420767,0.0005672742149944732
gaussian,-0.034,0.966,0.9992240060555032,0.9942281851036224,-0.004995820951880781,0.0057718148963775695,0.9947652909645548,0.9969137144082847,0.00308628559171531,0.0008028746647470442
gaussian,-0.033,0.967,0.9992240060555032,0.9945212989529066,-0.0047027071025965705,0.0054787010470933595,0.9950271753856018,0.9970506811163827,0.002949318883617269,0.0010251239372576215
gaussian,-0.032,0.968,0.9992240060555032,0.9948053890735441,-0.0044186169819591115,0.0051946109264559,0.9952809753413199,0.9971833204124226,0.0028166795875773643,0.0012340533108021745
gaussian,-0.031000000000000003,0.969,0.9992240060555032,0.995080468657115,-0.004143537398388242,0.004919531342885031,0.9955267036658622,0.9973116437008511,0.002688356299148875,0.0014296948875540672
gaussian,-0.030000000000000002,0.97,0.9992240060555032,0.9953465511868108,-0.003877454868692398,0.004653448813189187,0.9957643734807486,0.9974356626565006,0.0025643373434993677,0.0016120815885920514
gaussian,-0.029,0.971,0.9992240060555032,0.9956036504368078,-0.0036203556186954478,0.004396349563192237,0.9959939981947372,0.9975553892264549,0.002444610773545075,0.0017812471488296566
gaussian,-0.028000000000000004,0.972,0.9992240060555032,0.9958517804716063,-0.0033722255838969373,0.004148219528393726,0.9962155915036552,0.9976708356318511,0.002329164368148895,0.0019372261118477674
gaussian,-0.027000000000000003,0.973,0.9992240060555032,0.9960909556453806,-0.003133050410122573,0.003909044354619362,0.9964291673902371,0.9977820143696635,0.002217985630336483,0.0020800538246574796
gaussian,-0.026000000000000002,0.974,0.9992240060555032,0.9963211906012658,-0.0029028154542374285,0.0036788093987342174,0.9966347401238913,0.9978889382143938,0.002111061785606161,0.0022097664323741384
gaussian,-0.025,0.975,0.9992240060555032,0.9965425002706787,-0.0026815057848245116,0.0034574997293213006,0.9968323242604956,0.9979916202197637,0.002008379780236269,0.0023264008728225427
gaussian,-0.024,0.976,0.9992240060555032,0.99675489987259,-0.0024691061829131833,0.0032451001274099722,0.9970219346421375,0.9980900737203278,0.001909926279672236,0.0024299948710391206
gaussian,-0.023000000000000003,0.977,0.9992240060555032,0.9969584049127636,-0.0022656011427396594,0.0030415950872364483,0.9972035863968154,0.9981843123330228,0.0018156876669771504,0.002520586933728808
gaussian,-0.022000000000000002,0.978,0.9992240060555032,0.9971530311830296,-0.002070974872473652,0.002846968816970441,0.9973772949381671,0.9982743499587169,0.001725650041283111,0.002598216343616677
gaussian,-0.021,0.979,0.9992240060555032,0.9973387947604774,-0.0018852112950258348,0.0026612052395226238,0.9975430759651109,0.9983602007836452,0.0016397992163548203,0.0026629231537476095
gaussian,-0.020000000000000004,0.98,0.9992240060555032,0.9975157120066807,-0.0017082940488225562,0.002484287993319345,0.9977009454615141,0.9984418792808476,0.0015581207191524005,0.0027147481816927055
gaussian,-0.019000000000000003,0.981,0.9992240060555032,0.9976837995668673,-0.0015402064886359534,0.0023162004331327424,0.9978509196957963,0.9985194002115128,0.0014805997884872468,0.0027537330036975227
gaussian,-0.018000000000000002,0.982,0.9992240060555032,0.9978430743690988,-0.0013809316864044074,0.0021569256309011964,0.9979930152205396,0.9985927786263026,0.0014072213736974204,0.002779919948746823
gaussian,-0.017,0.983,0.9992240060555032,0.9979935536234076,-0.00123045243209563,0.002006446376592419,0.9981272488720447,0.9986620298665939,0.0013379701334060856,0.0027933520925671473
gaussian,-0.016,0.984,0.9992240060555032,0.998135254820928,-0.0010887512345751915,0.0018647451790719805,0.9982536377698791,0.9987271695656836,0.0012728304343163632,0.0027940732515583377
gaussian,-0.015,0.985,0.9992240060555032,0.9982681957330162,-0.0009558103224870385,0.0017318042669838274,0.9983721993164018,0.9987882136499442,0.0012117863500558101,0.0027821279766477858
gaussian,-0.013999999999999999,0.986,0.9992240060555032,0.9983923944103253,-0.0008316116451778655,0.0016076055896746544,0.9984829511962403,0.9988451783398999,0.0011548216601000583,0.002757561547083398
gaussian,-0.013000000000000005,0.987,0.9992240060555032,0.9985078691818939,-0.0007161368736092744,0.0014921308181060633,0.9985859113757705,0.998898080151277,0.0011019198487229875,0.0027204199641612803
gaussian,-0.012000000000000004,0.988,0.9992240060555032,0.9986146386541881,-0.0006093674013151196,0.0013853613458119085,0.9986810981025454,0.9989469358959737,0.00105306410402628,0.0026707499448757055
gaussian,-0.011000000000000003,0.989,0.9992240060555032,0.9987127217101379,-0.0005112843453652927,0.0012872782898620816,0.9987685299047078,0.9989917626829868,0.0010082373170131609,0.0026085989155180123
gaussian,-0.010000000000000002,0.99,0.9992240060555032,0.9988021375081606,-0.0004218685473426076,0.0011978624918393965,0.998848225590385,0.9990325779192829,0.0009674220807170952,0.002534015005196899
gaussian,-0.009000000000000001,0.991,0.9992240060555032,0.9988829054811451,-0.0003411005743580997,0.0011170945188548886,0.9989202042470359,0.9990693993105989,0.0009306006894010954,0.00244704703929699
gaussian,-0.008,0.992,0.9992240060555032,0.9989550453354398,-0.0002689607200634381,0.001044954664560227,0.9989844852407922,0.999102244862202,0.0008977551377979953,0.0023477445328885516
gaussian,-0.006999999999999999,0.993,0.9992240060555032,0.9990185770498068,-0.00020542900569642253,0.0009814229501932115,0.9990410882157612,0.9991311328795787,0.000868867120421335,0.0022361576840452813
gaussian,-0.006000000000000005,0.994,0.9992240060555032,0.9990735208743488,-0.0001504851811544583,0.0009264791256512472,0.9990900330932909,0.9991560819690593,0.000843918030940749,0.0021123373671185774
gaussian,-0.0050000000000000044,0.995,0.9992240060555032,0.9991198973294495,-0.0001041087260537088,0.0008801026705504977,0.9991313400712419,0.9991771110384121,0.0008228889615878865,0.0019763351259500794
gaussian,-0.0040000000000000036,0.996,0.9992240060555032,0.9991577272046648,-6.627885083843044e-05,0.0008422727953352194,0.999165029623202,0.999194239297351,0.0008057607026490388,0.0018282031670127097
gaussian,-0.0030000000000000027,0.997,0.9992240060555032,0.9991870315576005,-3.697449790274199e-05,0.0008129684423995309,0.9991911224976777,0.9992074862579868,0.0007925137420131678,0.0016679943524975371
gaussian,-0.0020000000000000018,0.998,0.9992240060555032,0.9992078317127709,-1.6174342732266922e-05,0.0007921682872290559,0.9992096397172607,0.9992168717352201,0.0007831282647798865,0.0014957621933295862
gaussian,-0.0010000000000000009,0.999,0.9992240060555032,0.9992201492604526,-3.856795050660722e-06,0.0007798507395474497,0.9992206025777801,0.9992224158470904,0.0007775841529096272,0.0013115608421347957
gaussian,0.0,1.0,0.9992240060555032,0.9992240060555032,0.0,0.0007759939444967889,0.9992240326474111,0.999224139015042,0.0007758609849579656,0.0011154450861408094
gaussian,0.0010000000000000009,1.001,0.9992240060555032,0.9992194242161564,-4.581839346817773e-06,0.0007805757838436067,0.9992199517657511,0.9992220619641301,0.0007779380358698962,0.0009074703400124839
gaussian,0.0020000000000000018,1.002,0.9992240060555032,0.9992064261228176,-1.757993268558522e-05,0.0007935738771823742,0.9992083820428906,0.999216205723183,0.0007837942768169626,0.0006876926386398807
gaussian,0.0029999999999999957,1.003,0.9992240060555032,0.9991850344168299,-3.8971638673279685e-05,0.0008149655831700686,0.9991893458584423,0.9992065916248917,0.0007934083751083287,0.00045616862984410034
gaussian,0.003999999999999997,1.004,0.9992240060555032,0.9991552719992038,-6.87340562993688e-05,0.0008447280007961577,0.9991628658605277,0.9991932413058231,0.0008067586941769012,0.0002129555670569161
gaussian,0.0049999999999999975,1.005,0.9992240060555032,0.9991171620293573,-0.0001068440261459136,0.0008828379706427025,0.999128964964765,0.9991761767063952,0.0008238232936047529,-4.188869809640394e-05
gaussian,0.005999999999999998,1.006,0.9992240060555032,0.9990707279238247,-0.00015327813167853588,0.0009292720761753248,0.9990876663532168,0.9991554200707851,0.0008445799292149392,-0.00030830572324358485
gaussian,0.006999999999999999,1.007,0.9992240060555032,0.9990159933549353,-0.00020801270056791665,0.0009840066450647056,0.999038993473299,0.9991309939467541,0.0008690060532459132,-0.0005862364827917688
gaussian,0.008,1.008,0.9992240060555032,0.998952982249483,-0.0002710238060201764,0.0010470177505169653,0.9989829700366719,0.9991029211854277,0.0008970788145723496,-0.0008756213755027886
gaussian,0.009000000000000001,1.009,0.9992240060555032,0.9988817187873783,-0.00034228726812490784,0.0011182812126216968,0.9989196200181049,0.9990712249410107,0.0009287750589892507,-0.0011764002321275058
gaussian,0.009999999999999995,1.01,0.9992240060555032,0.9988022274002779,-0.0004217786552253022,0.0011977725997220912,0.998848967654309,0.9990359286704333,0.0009640713295666625,-0.0014885123231045405
gaussian,0.010999999999999996,1.011,0.9992240060555032,0.9987145327701903,-0.0005094732853129225,0.0012854672298097114,0.998771037442739,0.998997056132934,0.0010029438670660085,-0.0018118963663171783
gaussian,0.011999999999999997,1.012,0.9992240060555032,0.9986186598280726,-0.000605346227430581,0.00138134017192737,0.9986858541403745,0.9989546313895814,0.0010453686104185955,-0.0021464905349062313
gaussian,0.012999999999999998,1.013,0.9992240060555032,0.9985146337523947,-0.0007093723031085242,0.001485366247605313,0.998593442762461,0.9989086788027259,0.0010913211972740644,-0.0024922324651472927
gaussian,0.013999999999999999,1.014,0.9992240060555032,0.9984024799677017,-0.0008215260878015052,0.001597520032298294,0.9984938285812415,0.9988592230354003,0.001140776964599688,-0.0028490592643795054
gaussian,0.015,1.015,0.9992240060555032,0.9982822241431292,-0.0009417819123740401,0.001717775856870829,0.9983870371246286,0.9988062890506264,0.0011937109493735942,-0.0032169075190102703
gaussian,0.016,1.016,0.9992240060555032,0.998153892190938,-0.0010701138645652364,0.0018461078090620253,0.9982730941748901,0.9987499021106989,0.0012500978893010828,-0.0035957133025568133
gaussian,0.017,1.017,0.9992240060555032,0.9980175102649973,-0.0012064957905059126,0.0019824897350027015,0.998152025767272,0.9986900877763705,0.001309912223629528,-0.003985412183768577
gaussian,0.018000000000000002,1.018,0.9992240060555032,0.997873104759254,-0.0013509012962492628,0.0021268952407460517,0.9980238581885983,0.9986268719059755,0.0013731280940244561,-0.004385939234796243
gaussian,0.019000000000000003,1.019,0.9992240060555032,0.9977207023062031,-0.0015033037493000778,0.0022792976937968668,0.9978886179758648,0.9985602806545119,0.001439719345488144,-0.0047972290394286965
gaussian,0.020000000000000004,1.02,0.9992240060555032,0.997560329775316,-0.001663676280187265,0.002439670224684054,0.9977463319147788,0.9984903404726304,0.001509659527369589,-0.005219215701384172
gaussian,0.021000000000000005,1.021,0.9992240060555032,0.9973920142714553,-0.001831991784047915,0.002607985728544704,0.9975970270382781,0.9984170781055691,0.0015829218944308776,-0.005651832852676897
gaussian,0.022000000000000006,1.022,0.9992240060555032,0.9972157831332834,-0.0020082229222198045,0.0027842168667165934,0.9974407306250322,0.9983405205920278,0.0016594794079721753,-0.006095013662014814
gaussian,0.022999999999999993,1.023,0.9992240060555032,0.9970316639316366,-0.002192342123866653,0.002968336068363442,0.9972774701979035,0.9982606952629713,0.0017393047370286574,-0.006548690843294569
gaussian,0.023999999999999994,1.024,0.9992240060555032,0.9968396844678832,-0.0023843215876200308,0.0031603155321168197,0.9971072735223785,0.99817762974036,0.0018223702596400493,-0.007012796664134235
gaussian,0.024999999999999994,1.025,0.9992240060555032,0.996639872772272,-0.0025841332832312602,0.003360127227728049,0.9969301686049834,0.9980913519358293,0.0019086480641706816,-0.00748726295447133
gaussian,0.025999999999999995,1.026,0.9992240060555032,0.9964322571022525,-0.002791748953250739,0.003567742897747528,0.9967461836916609,0.9980018900492946,0.0019981099507053734,-0.00797202111523232
gaussian,0.026999999999999996,1.027,0.9992240060555032,0.9962168659407834,-0.0030071401147198085,0.0037831340592165974,0.9965553472661254,0.9979092725674932,0.0020907274325068226,-0.008467002127056755
gaussian,0.027999999999999997,1.028,0.9992240060555032,0.9959937279946056,-0.0032302780608975956,0.0040062720053943845,0.9963576880481737,0.9978135282624462,0.002186471737553819,-0.008972136559081356
gaussian,0.028999999999999998,1.029,0.9992240060555032,0.9957628721925301,-0.003461133862973087,0.004237127807469876,0.9961532349920024,0.9977146861898909,0.002285313810109102,-0.009487354577794704
gaussian,0.03,1.03,0.9992240060555032,0.9955243276836646,-0.0036996783718385995,0.004475672316335388,0.9959420172844513,0.9976127756875982,0.0023872243124017922,-0.010012585955954556
gaussian,0.031,1.031,0.9992240060555032,0.9952781238356653,-0.003945882219837937,0.004721876164334726,0.9957240643432671,0.9975078263736743,0.0024921736263257,-0.010547760081559776
gaussian,0.032,1.032,0.9992240060555032,0.9950242902329298,-0.004199715822573391,0.00497570976707018,0.995499405815294,0.9973998681447503,0.0026001318552496544,-0.011092805966899544
gaussian,0.033,1.033,0.9992240060555032,0.9947628566748007,-0.004461149380702523,0.005237143325199312,0.9952680715746691,0.9972889311741432,0.0027110688258568105,-0.011647652257650964
gaussian,0.034,1.034,0.9992240060555032,0.9944938531737411,-0.004730152881762151,0.00550614682625894,0.9950300917209791,0.997175045909931,0.0028249540900689984,-0.012212227242061946
gaussian,0.035,1.035,0.9992240060555032,0.9942173099534876,-0.005006696102015651,0.00578269004651244,0.9947854965773836,0.9970582430729676,0.0029417569270323574,-0.012786458860177596
gaussian,0.036000000000000004,1.036,0.9992240060555032,0.993933257447191,-0.005290748608312246,0.006066742552809035,0.9945343166887198,0.9969385536548351,0.00306144634516492,-0.01337027471314478
gaussian,0.037000000000000005,1.037,0.9992240060555032,0.9936417262955407,-0.005582279759962505,0.006358273704459294,0.9942765828195779,0.996816008915726,0.0031839910842740293,-0.01396360207257974
gaussian,0.03799999999999999,1.038,0.9992240060555032,0.993342747344852,-0.00588125871065126,0.006657252655148049,0.9940123259523321,0.9966906403822535,0.003309359617746477,-0.014566367889996101
gaussian,0.03899999999999999,1.039,0.9992240060555032,0.9930363516451823,-0.006187654410320875,0.006963648354817664,0.9937415772851923,0.9965624798452319,0.003437520154768059,-0.01517849880631239
gaussian,0.039999999999999994,1.04,0.9992240060555032,0.9927225704483629,-0.006501435607140338,0.007277429551637127,0.9934643682301569,0.9964315593573331,0.0035684406426669257,-0.01579992116140705
gaussian,0.040999999999999995,1.041,0.9992240060555032,0.9924014352060757,-0.006822570849427501,0.0075985647939242895,0.9931807304110081,0.996297911230737,0.0037020887692630344,-0.01643056100376228
gaussian,0.041999999999999996,1.042,0.9992240060555032,0.9920729775678702,-0.007151028487633049,0.007927022432129838,0.9928906956612314,0.9961615680346767,0.0038384319653232968,-0.017070344100148294
gaussian,0.043,1.043,0.9992240060555032,0.9917372293791827,-0.007486776676320472,0.008262770620817261,0.9925942960219342,0.9960225625929395,0.003977437407060469,-0.01771919594540261
gaussian,0.044,1.044,0.9992240060555032,0.9913942226793397,-0.007829783376163468,0.008605777320660257,0.9922915637397323,0.9958809279813022,0.004119072018697767,-0.018377041772257297
gaussian,0.045,1.045,0.9992240060555032,0.9910439896995288,-0.008180016355974429,0.008956010300471218,0.9919825312646016,0.995736697524892,0.004263302475107977,-0.019043806561241272
gaussian,0.046,1.046,0.9992240060555032,0.9906865628607617,-0.008537443194741479,0.009313437139238268,0.9916672312477075,0.9955899047954908,0.00441009520450919,-0.019719415050654554
gaussian,0.047,1.047,0.9992240060555032,0.9903219747718356,-0.008902031283667622,0.00967802522816441,0.9913456965392257,0.9954405836087862,0.004559416391213822,-0.02040379174659579
gaussian,0.048,1.048,0.9992240060555032,0.9899502582272425,-0.009273747828260737,0.010049741772757526,0.9910179601861012,0.9952887680215361,0.004711231978463903,-0.021096860933079498
gaussian,0.049,1.049,0.9992240060555032,0.9895714462050915,-0.00965255985041169,0.01042855379490848,0.9906840554298106,0.9951344923286877,0.00486550767131233,-0.02179854668220571
gaussian,0.05,1.05,0.9992240060555032,0.9891855718650074,-0.01003843419049577,0.01081442813499256,0.9903440157040928,0.9949777910604342,0.005022208939565842,-0.022508772864405557
smoothstep5,-0.05,0.95,0.9991111983444656,0.9860915831143047,-0.01301961523016093,0.01390841688569533,0.9866329511516924,0.9887984233012435,0.011201576698756543,-0.014403252532352973
smoothstep5,-0.049,0.951,0.9991111983444656,0.9865580122070874,-0.012553186137378214,0.013441987792912613,0.9870767457322636,0.9891516798329678,0.010848320167032188,-0.014499570989095822
smoothstep5,-0.048,0.952,0.9991111983444656,0.9870161430067314,-0.01209505533773425,0.01298385699326865,0.9875127691897806,0.9894992739219779,0.010500726078022105,-0.014577211810340884
smoothstep5,-0.047,0.953,0.9991111983444656,0.9874659682461521,-0.01164523009831353,0.01253403175384793,0.9879410115048671,0.9898411845397271,0.010158815460272863,-0.014636116086478523
smoothstep5,-0.046,0.954,0.9991111983444656,0.9879074806773848,-0.011203717667080837,0.012092519322615236,0.9883614626642216,0.9901773906115697,0.00982260938843027,-0.014676226019129324
smoothstep5,-0.045000000000000005,0.955,0.9991111983444656,0.9883406730721616,-0.010770525272304043,0.011659326927838443,0.9887741126620273,0.990507871021491,0.00949212897850904,-0.014697484923235749
smoothstep5,-0.044000000000000004,0.956,0.9991111983444656,0.9887655382225586,-0.010345660121906963,0.011234461777441362,0.9891789515014316,0.9908326046169238,0.009167395383076204,-0.014699837228912216
smoothstep5,-0.043000000000000003,0.957,0.9991111983444656,0.9891820689416307,-0.009929129402834858,0.010817931058369257,0.9895759691960178,0.9911515702135661,0.008848429786433853,-0.01468322848307313
smoothstep5,-0.042,0.958,0.9991111983444656,0.9895902580640775,-0.00952094028038808,0.010409741935922479,0.9899651557713117,0.9914647466002484,0.008535253399751586,-0.01464760535082199
smoothstep5,-0.041,0.959,0.9991111983444656,0.9899900984469361,-0.009121099897529517,0.010009901553063916,0.990346501266316,0.9917721125438357,0.008227887456164318,-0.01459291561661935
smoothstep5,-0.04,0.96,0.9991111983444656,0.9903815829702829,-0.008729615374182709,0.009618417029717108,0.9907199957350572,0.992073646794155,0.007926353205845005,-0.014519108185224283
smoothstep5,-0.03900000000000001,0.961,0.9991111983444656,0.9907647045379719,-0.00834649380649366,0.00923529546202806,0.991085629248172,0.9923693280889717,0.007630671911028286,-0.014426133082438675
smoothstep5,-0.038000000000000006,0.962,0.9991111983444656,0.9911394560783799,-0.007971742266085657,0.008860543921620057,0.9914433918945003,0.9926591351589819,0.0073408648410181465,-0.014313941455609935
smoothstep5,-0.037000000000000005,0.963,0.9991111983444656,0.9915058305451772,-0.007605367799288443,0.008494169454822842,0.9917932737827109,0.9929430467328457,0.007056953267154276,-0.014182485573948966
smoothstep5,-0.036000000000000004,0.964,0.9991111983444656,0.9918638209181169,-0.007247377426348733,0.008136179081883133,0.9921352650429421,0.9932210415422429,0.006778958457757112,-0.014031718828645623
smoothstep5,-0.035,0.965,0.9991111983444656,0.9922134202038516,-0.006897778140613986,0.007786579796148385,0.9924693558284762,0.9934930983269741,0.006506901673025922,-0.013861595732766574
smoothstep5,-0.034,0.966,0.9991111983444656,0.9925546214367585,-0.006556576907707057,0.007445378563241456,0.9927955363174208,0.9937591958400699,0.006240804159930113,-0.013672071920975526
smoothstep5,-0.033,0.967,0.9991111983444656,0.9928874176798017,-0.006223780664663892,0.007112582320198291,0.993113796714432,0.9940193128529526,0.005980687147047359,-0.01346310414907137
smoothstep5,-0.032,0.968,0.9991111983444656,0.9932118020253861,-0.005899396319079542,0.006788197974613941,0.9934241272524282,0.9942734281605966,0.005726571839403394,-0.013234650293308725
smoothstep5,-0.031000000000000003,0.969,0.9991111983444656,0.9935277675962632,-0.005583430748202445,0.006472232403736844,0.9937265181943589,0.9945215205867423,0.005478479413257742,-0.01298666934957815
smoothstep5,-0.030000000000000002,0.97,0.9991111983444656,0.9938353075464312,-0.005275890798034366,0.006164692453568765,0.9940209598349684,0.9947635689891171,0.0052364310108828915,-0.012719121432391844
smoothstep5,-0.029,0.971,0.9991111983444656,0.9941344150620781,-0.004976783282387487,0.005865584937921886,0.9943074425026023,0.9949995522646993,0.005000447735300728,-0.012431967773685493
smoothstep5,-0.028000000000000004,0.972,0.9991111983444656,0.9944250833625113,-0.004686114981954259,0.005574916637488658,0.9945859565610051,0.9952294493549805,0.004770550645019522,-0.012125170721484224
smoothstep5,-0.027000000000000003,0.973,0.9991111983444656,0.994707305701137,-0.004403892643328633,0.005292694298863032,0.9948564924111644,0.9954532392512736,0.004546760748726397,-0.011798693738377608
smoothstep5,-0.026000000000000002,0.974,0.9991111983444656,0.9949810753664441,-0.004130122978021511,0.00501892463355591,0.9951190404931627,0.9956709010000371,0.0043290989999629215,-0.011452501399860537
smoothstep5,-0.025,0.975,0.9991111983444656,0.9952463856830116,-0.003864812661453998,0.004753614316988397,0.9953735912880528,0.9958824137082174,0.0041175862917826045,-0.011086559392503581
smoothstep5,-0.024,0.976,0.9991111983444656,0.9955032300125225,-0.003607968331943101,0.0044967699874775,0.9956201353197398,0.9960877565486091,0.003912243451390851,-0.010700834511986557
smoothstep5,-0.023000000000000003,0.977,0.9991111983444656,0.9957516017548156,-0.0033595965896500157,0.004248398245184415,0.9958586631569017,0.996286908765247,0.003713091234753052,-0.010295294660989995
smoothstep5,-0.022000000000000002,0.978,0.9991111983444656,0.9959914943489391,-0.0031197039955265238,0.004008505651060923,0.9960891654149122,0.9964798496788048,0.0035201503211952367,-0.00986990884693384
smoothstep5,-0.021,0.979,0.9991111983444656,0.9962229012742264,-0.0028882970702391875,0.0037770987257735866,0.996311632757784,0.9966665586920141,0.0033334413079858516,-0.009424647179601564
smoothstep5,-0.020000000000000004,0.98,0.9991111983444656,0.9964458160513974,-0.0026653822930682303,0.0035541839486026294,0.9965260559001402,0.996847015295112,0.0031529847048880066,-0.0089594808686142
smoothstep5,-0.019000000000000003,0.981,0.9991111983444656,0.9966602322436586,-0.0024509661008069727,0.003339767756341372,0.9967324256091828,0.9970211990712801,0.002978800928719938,-0.008474382220802212
smoothstep5,-0.018000000000000002,0.982,0.9991111983444656,0.9968661434578499,-0.0022450548866157494,0.0031338565421501485,0.996930732706707,0.9971890897021352,0.0028109102978648437,-0.007969324637432607
smoothstep5,-0.017,0.983,0.9991111983444656,0.9970635433455721,-0.002047654998893478,0.002936456654427877,0.9971209680710965,0.9973506669731939,0.0026493330268061444,-0.007444282611335673
smoothstep5,-0.016,0.984,0.9991111983444656,0.9972524256043636,-0.0018587727401020437,0.002747574395636443,0.9973031226393676,0.9975059107793833,0.0024940892206166687,-0.006899231723918042
smoothstep5,-0.015,0.985,0.9991111983444656,0.9974327839788709,-0.0016784143655946826,0.0025672160211290818,0.9974771874092054,0.9976548011305433,0.0023451988694567216,-0.0063341486420593895
smoothstep5,-0.013999999999999999,0.986,0.9991111983444656,0.9976046122620545,-0.0015065860824110544,0.0023953877379454536,0.9976431534410354,0.9977973181569586,0.0022026818430413986,-0.005749011114915881
smoothstep5,-0.013000000000000005,0.987,0.9991111983444656,0.9977679042963904,-0.0013432940480752054,0.0022320957036096045,0.9978010118600885,0.9979334421148812,0.0020665578851187805,-0.005143797970620589
smoothstep5,-0.012000000000000004,0.988,0.9991111983444656,0.9979226539751082,-0.0011885443693574471,0.0020773460248918463,0.9979507538585028,0.9980631533920821,0.0019368466079179303,-0.004518489112888879
smoothstep5,-0.011000000000000003,0.989,0.9991111983444656,0.9980688552434264,-0.0010423431010392337,0.0019311447565736328,0.9980923706974207,0.9981864325133982,0.0018135674866017748,-0.003873065517528751
smoothstep5,-0.010000000000000002,0.99,0.9991111983444656,0.9982065020998199,-0.0009046962446457307,0.0017934979001801299,0.9982258537091155,0.998303260146298,0.0016967398537020006,-0.00320750922887747
smoothstep5,-0.009000000000000001,0.991,0.9991111983444656,0.9983355885972883,-0.0007756097471772749,0.001664411402711674,0.9983511942991189,0.9984136171064414,0.0015863828935586133,-0.0025218033561467124
smoothstep5,-0.008,0.992,0.9991111983444656,0.9984561088446496,-0.000655089499815964,0.0015438911553503631,0.9984683839483719,0.998517484363261,0.001482515636738957,-0.0018159320696859993
smoothstep5,-0.006999999999999999,0.993,0.9991111983444656,0.9985680570078449,-0.0005431413366207005,0.0014319429921550997,0.9985774142153835,0.9986148430455377,0.0013851569544622855,-0.0010898805971777392
smoothstep5,-0.006000000000000005,0.994,0.9991111983444656,0.9986714273112549,-0.00043977103321068967,0.0013285726887450888,0.998678276738401,0.998705674446986,0.0012943255530140085,-0.0003436352197656589
smoothstep5,-0.0050000000000000044,0.995,0.9991111983444656,0.9987662140390431,-0.00034498430542251324,0.0012337859609569124,0.9987709632376035,0.9987899600318446,0.0012100399681553853,0.0004228167318931497
smoothstep5,-0.0040000000000000036,0.996,0.9991111983444656,0.9988524115364843,-0.0002587868079813038,0.001147588463515703,0.9988554655172779,0.9988676814404523,0.0011323185595476515,0.0012094868816276971
smoothstep5,-0.0030000000000000027,0.997,0.9991111983444656,0.9989300142113527,-0.00018118413311285497,0.0010699857886472541,0.9989317754680547,0.9989388204948629,0.0010611795051370665,0.0020163858118280586
smoothstep5,-0.0020000000000000018,0.998,0.9991111983444656,0.9989990165352772,-0.00011218180918837195,0.0010009834647227711,0.9989998850691055,0.9990033592044186,0.0009966407955813716,0.002843523067550535
smoothstep5,-0.0010000000000000009,0.999,0.9991111983444656,0.9990594130451352,-5.178529933036469e-05,0.0009405869548647638,0.9990597863903774,0.9990612797713463,0.0009387202286537111,0.0036909071607054145
smoothstep5,0.0,1.0,0.9991111983444656,0.9991111983444656,0.0,0.0008888016555343992,0.9991114715948444,0.9991125645963591,0.0008874354036408905,0.004558545574256279
smoothstep5,0.0010000000000000009,1.001,0.9991111983444656,0.9991543671048676,4.316876040200146e-05,0.0008456328951323977,0.9991549329407402,0.9991571962842303,0.0008428037157697243,0.005446444766503689
smoothstep5,0.0020000000000000018,1.002,0.9991111983444656,0.999188914067446,7.77157229804315e-05,0.0008110859325539677,0.9991901627838361,0.9991951576493967,0.0008048423506032965,0.006354610175375086
smoothstep5,0.0029999999999999957,1.003,0.9991111983444656,0.9992148340442346,0.00010363569976901132,0.0007851659557653878,0.9992171535796922,0.9992264317215225,0.0007735682784775211,0.007283046222772427
smoothstep5,0.003999999999999997,1.004,0.9991111983444656,0.9992321219196664,0.0001209235752007709,0.0007678780803336283,0.9992358978859525,0.999251001751097,0.0007489982489029545,0.008231756318949124
smoothstep5,0.0049999999999999975,1.005,0.9991111983444656,0.9992407726520258,0.0001295743075602207,0.0007592273479741785,0.999246388364619,0.9992688512149914,0.0007311487850085729,0.009200742866918077
smoothstep5,0.005999999999999998,1.006,0.9991111983444656,0.9992407812749258,0.00012958293046017033,0.0007592187250742288,0.9992486177843463,0.9992799638220277,0.0007200361779723385,0.010190007266883683
smoothstep5,0.006999999999999999,1.007,0.9991111983444656,0.99923214289881,0.00012094455434441542,0.0007678571011899837,0.9992425790227573,0.9992843235185468,0.0007156764814532091,0.011199549920708485
smoothstep5,0.008,1.008,0.9991111983444656,0.9992148527124358,0.00010365436797021843,0.0007851472875641807,0.9992282650687377,0.9992819144939453,0.0007180855060546776,0.012229370236388704
smoothstep5,0.009000000000000001,1.009,0.9991111983444656,0.9991889059843909,7.770763992531737e-05,0.0008110940156090818,0.9992056690247569,0.9992727211862205,0.0007272788137795416,0.013279466632559966
smoothstep5,0.009999999999999995,1.01,0.9991111983444656,0.9991542980646159,4.309972015026364e-05,0.0008457019353841355,0.9991747841091929,0.999256728287501,0.000743271712498994,0.01434983654301103
smoothstep5,0.010999999999999996,1.011,0.9991111983444656,0.9991110243859386,-1.7395852702772885e-07,0.0008889756140614269,0.9991356036586645,0.9992339207495678,0.0007660792504321501,0.01544047642121793
smoothstep5,0.011999999999999997,1.012,0.9991111983444656,0.9990590804656062,-5.211787885939234e-05,0.0009409195343937915,0.9990881211303556,0.9992042837893529,0.0007957162106471127,0.016551381744882576
smoothstep5,0.012999999999999998,1.013,0.9991111983444656,0.9989984619068448,-0.00011273643762077512,0.0010015380931551743,0.9990323301043634,0.9991678028944376,0.0008321971055623711,0.017682547020478445
smoothstep5,0.013999999999999999,1.014,0.9991111983444656,0.9989291644004209,-0.00018203394404470163,0.0010708355995791008,0.9989682242860433,0.9991244638285328,0.0008755361714671839,0.018833965787809603
smoothstep5,0.015,1.015,0.9991111983444656,0.9988511837262112,-0.00026001461825442274,0.001148816273788822,0.9988957975083576,0.9990742526369434,0.0009257473630566171,0.020005630624561732
smoothstep5,0.016,1.016,0.9991111983444656,0.9987645157547809,-0.00034668258968473253,0.0012354842452191317,0.998815043734227,0.999017155652012,0.00098284434798801,0.021197533150862036
smoothstep5,0.017,1.017,0.9991111983444656,0.9986691564489695,-0.0004420418954961258,0.001330843551030525,0.9987259570588854,0.9989531594985497,0.001046840501450319,0.022409664033832044
smoothstep5,0.018000000000000002,1.018,0.9991111983444656,0.9985651018654971,-0.0005460964789685274,0.0014348981345029266,0.9986285317122492,0.9988822510992575,0.0011177489007424546,0.023642012992135086
smoothstep5,0.019000000000000003,1.019,0.9991111983444656,0.9984523481565669,-0.0006588501878986852,0.0015476518434330844,0.998522762061277,0.9988044176801172,0.0011955823198828153,0.02489456880052554
smoothstep5,0.020000000000000004,1.02,0.9991111983444656,0.9983308915714713,-0.0007803067729943436,0.0016691084285287427,0.9984086426123291,0.9987196467757602,0.0012803532242398052,0.026167319294374103
smoothstep5,0.021000000000000005,1.021,0.9991111983444656,0.9982007284582259,-0.0009104698862396621,0.0017992715417740612,0.9982861680135476,0.9986279262348343,0.0013720737651656822,0.027460251374194833
smoothstep5,0.022000000000000006,1.022,0.9991111983444656,0.9980618552651904,-0.001049343079275178,0.001938144734809577,0.9981553330572179,0.9985292442253282,0.001470755774671817,0.0287733510101571
smoothstep5,0.022999999999999993,1.023,0.9991111983444656,0.9979142685427035,-0.0011969298017621144,0.0020857314572965135,0.9980161326821391,0.9984235892398811,0.0015764107601189403,0.0301066032465771
smoothstep5,0.023999999999999994,1.024,0.9991111983444656,0.9977579649447376,-0.0013532333997280377,0.002242035055262437,0.9978685619760066,0.9983109501010824,0.001689049898917605,0.03145999220639695
smoothstep5,0.024999999999999994,1.025,0.9991111983444656,0.9975929412305362,-0.0015182571139293888,0.002407058769463788,0.9977126161777733,0.9981913159667218,0.0018086840332781629,0.032833501095642426
smoothstep5,0.025999999999999995,1.026,0.9991111983444656,0.9974191942662756,-0.0016920040781900347,0.002580805733724434,0.9975482906800271,0.9980646763350339,0.001935323664966071,0.03422711220786834
smoothstep5,0.026999999999999996,1.027,0.9991111983444656,0.997236721026727,-0.0018744773177385987,0.002763278973272998,0.9973755810313634,0.9979310210499088,0.0020689789500911715,0.03564080692856475
smoothstep5,0.027999999999999997,1.028,0.9991111983444656,0.9970455185969225,-0.0020656797475431254,0.0029544814030775246,0.9971944829387531,0.9977903403060764,0.0022096596939236157,0.03707456573956147
smoothstep5,0.028999999999999998,1.029,0.9991111983444656,0.996845584173836,-0.0022656141706296484,0.0031544158261640476,0.997004992269923,0.997642624654271,0.002357375345728996,0.038528368223381904
smoothstep5,0.03,1.03,0.9991111983444656,0.9966369150680535,-0.0024742832764120815,0.0033630849319464806,0.996807105055713,0.9974878650063508,0.0025121349936492177,0.040002193067605774
smoothstep5,0.031,1.031,0.9991111983444656,0.9964195087054593,-0.002691689639006345,0.003580491294540744,0.9966008174924472,0.9973260526403991,0.0026739473596009145,0.04149601806915548
smoothstep5,0.032,1.032,0.9991111983444656,0.9961933626289351,-0.0029178357155305035,0.0038066373710649026,0.9963861259443091,0.9971571792058047,0.0028428207941952888,0.043009820138606436
smoothstep5,0.033,1.033,0.9991111983444656,0.9959584745000337,-0.0031527238444318817,0.004041525499966281,0.9961630269456826,0.996981236728278,0.0030187632717220136,0.04454357530442188
smoothstep5,0.034,1.034,0.9991111983444656,0.9957148421006946,-0.0033963562437709927,0.004285157899305392,0.9959315172035307,0.9967982176148755,0.0032017823851244742,0.04609725871718062
smoothstep5,0.035,1.035,0.9991111983444656,0.9954624633349305,-0.003648735009535109,0.004537536665069508,0.9956915935997358,0.996608114658957,0.003391885341042955,0.04767084465376925
smoothstep5,0.036000000000000004,1.036,0.9991111983444656,0.9952013362305432,-0.003909862113922413,0.004798663769456812,0.9954432531934618,0.9964109210451357,0.0035890789548642665,0.04926430652152902
smoothstep5,0.037000000000000005,1.037,0.9991111983444656,0.9949314589408237,-0.004179739403641913,0.0050685410591763125,0.995186493223493,0.9962066303541698,0.0037933696458302135,0.050877616862383235
smoothstep5,0.03799999999999999,1.038,0.9991111983444656,0.994652829746272,-0.004458368598193596,0.005347170253727995,0.9949213111105862,0.9959952365678428,0.004004763432157166,0.05251074735691397
smoothstep5,0.03899999999999999,1.039,0.9991111983444656,0.9943654470562947,-0.004745751288170896,0.0056345529437052955,0.9946477044597909,0.9957767340737755,0.004223265926224462,0.05416366882841661
smoothstep5,0.039999999999999994,1.04,0.9991111983444656,0.99406930941094,-0.00504188893352564,0.005930690589060039,0.9943656710627995,0.9955511176702377,0.00444888232976226,0.05583635124689934
smoothstep5,0.040999999999999995,1.041,0.9991111983444656,0.9937644154825946,-0.005346782861870958,0.006235584517405357,0.9940752089002526,0.9953183825708849,0.004681617429115104,0.05752876373306037
smoothstep5,0.041999999999999996,1.042,0.9991111983444656,0.9934507640777259,-0.005660434266739678,0.006549235922274077,0.9937763161440788,0.99507852440949,0.004921475590510038,0.0592408745622226
smoothstep5,0.043,1.043,0.9991111983444656,0.9931283541385815,-0.00598284420588413,0.006871645861418529,0.9934689911597857,0.9948315392446031,0.0051684607553968975,0.06097265116821138
smoothstep5,0.044,1.044,0.9991111983444656,0.9927971847449276,-0.006314013599537982,0.007202815255072381,0.9931532325087813,0.9945774235641962,0.005422576435803794,0.06272406014722609
smoothstep5,0.045,1.045,0.9991111983444656,0.9924572551157647,-0.006653943228700943,0.007542744884235342,0.9928290389506621,0.994316174290252,0.005683825709748014,0.06449506726163268
smoothstep5,0.046,1.046,0.9991111983444656,0.9921085646110503,-0.007002633733415253,0.007891435388949652,0.9924964094455021,0.9940477887833093,0.0059522112166906505,0.06628563744374283
smoothstep5,0.047,1.047,0.9991111983444656,0.9917511127334234,-0.0073600856110421775,0.008248887266576577,0.9921553431561329,0.9937722648469705,0.0062277351530295455,0.06809573479954167
smoothstep5,0.048,1.048,0.9991111983444656,0.9913848991299317,-0.007726299214533938,0.008615100870068337,0.9918058394504186,0.9934896007323661,0.0065103992676338596,0.06992532261236484
smoothstep5,0.049,1.049,0.9991111983444656,0.9910099235937553,-0.008101274750710319,0.008990076406244718,0.9914478979035184,0.9931997951425711,0.0068002048574289375,0.07177436334654708
smoothstep5,0.05,1.05,0.9991111983444656,0.9906261860659212,-0.008485012278544368,0.009373813934078767,0.9910815183001305,0.9929028472369668,0.007097152763033243,0.07364281865102829
polynomial_b2,-0.05,0.95,0.9991170624081033,0.9861170004395512,-0.013000061968552079,0.013882999560448805,0.9866592002251565,0.9888279993675774,0.01117200063242263,-0.01470093456467847
polynomial_b2,-0.049,0.951,0.9991170624081033,0.9865831841536375,-0.012533878254465725,0.013416815846362451,0.9871027221249763,0.9891808740103316,0.010819125989668388,-0.014797047038578981
polynomial_b2,-0.048,0.952,0.9991170624081033,0.9870410635072636,-0.012075998900839657,0.012958936492736384,0.9875384672016825,0.9895280819793579,0.010471918020642068,-0.014874490815626196
polynomial_b2,-0.047,0.953,0.9991170624081033,0.9874906312343532,-0.011626431173750063,0.012509368765646789,0.9879664254396057,0.9898696022606152,0.010130397739384844,-0.014933207072155952
polynomial_b2,-0.046,0.954,0.9991170624081033,0.987931880088495,-0.0111851823196083,0.012068119911505026,0.9883865868296884,0.9902054137944618,0.009794586205538192,-0.014973138095681016
polynomial_b2,-0.045000000000000005,0.955,0.9991170624081033,0.9883648028435223,-0.010752259564580924,0.01163519715647765,0.9887989413708949,0.9905354954803851,0.009464504519614891,-0.014994227286970307
polynomial_b2,-0.044000000000000004,0.956,0.9991170624081033,0.9887893922941536,-0.010327670113949639,0.011210607705846365,0.989203479071685,0.9908598261818111,0.00914017381818888,-0.014996419161913188
polynomial_b2,-0.043000000000000003,0.957,0.9991170624081033,0.9892056412566392,-0.00991142115146404,0.010794358743360766,0.9896001899514986,0.9911783847309361,0.008821615269063887,-0.01497965935313239
polynomial_b2,-0.042,0.958,0.9991170624081033,0.9896135425694264,-0.009503519838676922,0.010386457430573648,0.9899890640422584,0.9914911499335862,0.008508850066413776,-0.014943894611385566
polynomial_b2,-0.041,0.959,0.9991170624081033,0.99001308909385,-0.009103973314253277,0.009986910906150004,0.9903700913899041,0.9917981005741201,0.0082018994258799,-0.014889072806728798
polynomial_b2,-0.04,0.96,0.9991170624081033,0.9904042737148363,-0.00871278869326697,0.009595726285163697,0.9907432620559404,0.9920992154203572,0.007900784579642828,-0.014815142929465175
polynomial_b2,-0.03900000000000001,0.961,0.9991170624081033,0.9907870893416525,-0.00832997306645078,0.009212910658347506,0.9911085661190343,0.9923944732285617,0.007605526771438331,-0.014722055090880204
polynomial_b2,-0.038000000000000006,0.962,0.9991170624081033,0.9911615289086366,-0.00795553349946665,0.008838471091363376,0.9914659936765935,0.9926838527484205,0.0073161472515794745,-0.014609760523756954
polynomial_b2,-0.037000000000000005,0.963,0.9991170624081033,0.9915275853759818,-0.007589477032121428,0.008472414624018154,0.9918155348464032,0.9929673327280886,0.00703266727191143,-0.014478211582697575
polynomial_b2,-0.036000000000000004,0.964,0.9991170624081033,0.9918852517305264,-0.007231810677576833,0.00811474826947356,0.9921571797682699,0.9932448919192435,0.006755108080756522,-0.014327361744230771
polynomial_b2,-0.035,0.965,0.9991170624081033,0.9922345209865691,-0.006882541421534216,0.007765479013430943,0.9924909186056915,0.9935165090821817,0.006483490917818302,-0.014157165606725641
polynomial_b2,-0.034,0.966,0.9991170624081033,0.9925753861866947,-0.006541676221408554,0.007424613813305281,0.9928167415475426,0.9937821629909342,0.006217837009065752,-0.013967578890111909
polynomial_b2,-0.033,0.967,0.9991170624081033,0.99290784040264,-0.006209222005463255,0.007092159597359982,0.9931346388097964,0.9940418324384223,0.005958167561577743,-0.013758558435414514
polynomial_b2,-0.032,0.968,0.9991170624081033,0.9932318767361445,-0.005885185671958726,0.006768123263855452,0.9934446006372392,0.9942954962416174,0.005704503758382606,-0.013530062204095472
polynomial_b2,-0.031000000000000003,0.969,0.9991170624081033,0.9935474883198696,-0.005569574088233664,0.0064525116801303906,0.9937466173052492,0.9945431332467675,0.0054568667532325366,-0.013282049277223429
polynomial_b2,-0.030000000000000002,0.97,0.9991170624081033,0.9938546683182804,-0.005262394089822875,0.006145331681719601,0.9940406791215436,0.9947847223345965,0.005215277665403528,-0.01301447985446913
polynomial_b2,-0.029,0.971,0.9991170624081033,0.9941534099286043,-0.004963652479498926,0.005846590071395652,0.9943267764280007,0.9950202424255861,0.004979757574413934,-0.012727315252924143
polynomial_b2,-0.028000000000000004,0.972,0.9991170624081033,0.9944437063817618,-0.004673356026341446,0.005556293618238173,0.9946048996024558,0.9952496724852318,0.004750327514768227,-0.012420517905756157
polynomial_b2,-0.027000000000000003,0.973,0.9991170624081033,0.9947255509433385,-0.004391511464764797,0.005274449056661523,0.9948750390605406,0.995472991529349,0.004527008470651017,-0.01209405136070174
polynomial_b2,-0.026000000000000002,0.974,0.9991170624081033,0.9949989369145754,-0.004118125493527858,0.005001063085424584,0.9951371852575399,0.9956901786293972,0.004309821370602762,-0.011747880278411671
polynomial_b2,-0.025,0.975,0.9991170624081033,0.995263857633375,-0.0038532047747282805,0.004736142366625007,0.9953913286902647,0.9959012129178235,0.0040987870821764805,-0.011381970430630162
polynomial_b2,-0.024,0.976,0.9991170624081033,0.9955203064753178,-0.0035967559327855225,0.004479693524682249,0.9956374598989383,0.9961060735934204,0.0038939264065795953,-0.010996288698231105
polynomial_b2,-0.023000000000000003,0.977,0.9991170624081033,0.9957682768547155,-0.003348785553387801,0.004231723145284527,0.9958755694691167,0.9963047399267212,0.0036952600732788055,-0.010590803069123744
polynomial_b2,-0.022000000000000002,0.978,0.9991170624081033,0.996007762225661,-0.003109300182442265,0.003992237774338991,0.9961056480336069,0.9964971912653908,0.003502808734609175,-0.010165482635999368
polynomial_b2,-0.021,0.979,0.9991170624081033,0.9962387560831081,-0.0028783063249951946,0.003761243916891921,0.9963276862744166,0.996683407039651,0.0033165929603490296,-0.00972029759395543
polynomial_b2,-0.020000000000000004,0.98,0.9991170624081033,0.9964612519639761,-0.0026558104441272157,0.003538748036023942,0.9965416749247258,0.9968633667677242,0.003136633232275754,-0.009255219237997103
polynomial_b2,-0.019000000000000003,0.981,0.9991170624081033,0.9966752434482414,-0.002441818959861841,0.0033247565517585675,0.9967476047708473,0.9970370500612707,0.0029629499387292535,-0.00877021996039673
polynomial_b2,-0.018000000000000002,0.982,0.9991170624081033,0.9968807241600933,-0.0022363382480099503,0.0031192758399066767,0.9969454666542503,0.9972044366308787,0.0027955633691213455,-0.008265273247948457
polynomial_b2,-0.017,0.983,0.9991170624081033,0.9970776877690625,-0.002039374639040803,0.0029223122309375293,0.9971352514735565,0.9973655062915326,0.002634493708467356,-0.007740353679096756
polynomial_b2,-0.016,0.984,0.9991170624081033,0.9972661279911887,-0.0018509344169145292,0.0027338720088112556,0.9973169501865737,0.9975202389681139,0.002479761031886074,-0.0071954369209628055
polynomial_b2,-0.015,0.985,0.9991170624081033,0.9974460385902013,-0.001671023817901962,0.0025539614097986885,0.997490553812343,0.9976686147009097,0.0023313852990902717,-0.00663049972625096
polynomial_b2,-0.013999999999999999,0.986,0.9991170624081033,0.997617413378721,-0.0014996490293822662,0.0023825866212789926,0.9976560534332052,0.9978106136511414,0.0021893863488585685,-0.006045519930065524
polynomial_b2,-0.013000000000000005,0.987,0.9991170624081033,0.9977802462194614,-0.0013368161886418983,0.0022197537805386247,0.9978134401968658,0.9979462161064836,0.0020537838935164032,-0.005440476446619158
polynomial_b2,-0.012000000000000004,0.988,0.9991170624081033,0.9979345310264671,-0.0011825313816361538,0.00206546897353288,0.9979627053184974,0.9980754024866184,0.0019245975133815874,-0.004815349265854252
polynomial_b2,-0.011000000000000003,0.989,0.9991170624081033,0.9980802617663507,-0.0010368006417526,0.0019197382336493263,0.9981038400828357,0.9981981533487757,0.0018018466512242926,-0.0041701194499657035
polynomial_b2,-0.010000000000000002,0.99,0.9991170624081033,0.998217432459561,-0.0008996299485423132,0.0017825675404390395,0.9982368358463093,0.9983144493933026,0.0016855506066973946,-0.0035047691298473183
polynomial_b2,-0.009000000000000001,0.991,0.9991170624081033,0.9983460371816464,-0.0007710252264568895,0.001653962818353616,0.9983616840391614,0.9984242714692211,0.0015757285307789193,-0.002819281501449389
polynomial_b2,-0.008,0.992,0.9991170624081033,0.9984660700645532,-0.0006509923435500387,0.001533929935446765,0.9984783761676029,0.9985276005798016,0.0014723994201983892,-0.002113640822058116
polynomial_b2,-0.006999999999999999,0.993,0.9991170624081033,0.9985775252979305,-0.0005395371101727386,0.001422474702069465,0.9985869038159741,0.9986244178881482,0.0013755821118518474,-0.0013878324065075276
polynomial_b2,-0.006000000000000005,0.994,0.9991170624081033,0.9986803971304414,-0.0004366652776618407,0.001319602869558567,0.9986872586489067,0.9987147047227678,0.0012852952772322013,-0.0006418426233150143
polynomial_b2,-0.0050000000000000044,0.995,0.9991170624081033,0.9987746798711077,-0.00034238253699558907,0.0012253201288923155,0.9987794324135202,0.9987984425831702,0.0012015574168298127,0.00012434110925063635
polynomial_b2,-0.0040000000000000036,0.996,0.9991170624081033,0.9988603678906469,-0.0002566945174563573,0.0011396321093530837,0.9988634169416061,0.9988756131454429,0.001124386854557069,0.0009107303271527201
polynomial_b2,-0.0030000000000000027,0.997,0.9991170624081033,0.9989374556228432,-0.000179606785260078,0.0010625443771568044,0.9989392041518448,0.9989461982678511,0.0010538017321488624,0.0017173355246429267
polynomial_b2,-0.0020000000000000018,0.998,0.9991170624081033,0.9990059375659168,-0.00011112484218644969,0.000994062434083176,0.9990067860520183,0.9990101799964239,0.0009898200035760585,0.00254416615836206
polynomial_b2,-0.0010000000000000009,0.999,0.9991170624081033,0.9990658082839127,-5.125412419060282e-05,0.0009341917160873292,0.9990661547412388,0.9990675405705434,0.0009324594294566335,0.003391230651492272
polynomial_b2,0.0,1.0,0.9991170624081033,0.9991170624081033,0.0,0.0008829375918967264,0.9991173024121892,0.999118262428533,0.0008817375714670339,0.0042585363979714685
polynomial_b2,0.0010000000000000009,1.001,0.9991170624081033,0.9991596946384077,4.2632230304429086e-05,0.0008403053615922973,0.9991602213533767,0.9991623282132526,0.0008376717867474293,0.0051460897667316985
polynomial_b2,0.0020000000000000018,1.002,0.9991170624081033,0.9991936997448158,7.663733671248174e-05,0.0008063002551842446,0.999194903951388,0.9991997207776775,0.0008002792223225086,0.006053896105985501
polynomial_b2,0.0029999999999999957,1.003,0.9991170624081033,0.9992190725688214,0.00010201016071809121,0.0007809274311786352,0.9992213426931518,0.9992304231904731,0.0007695768095269395,0.006981959747556665
polynomial_b2,0.003999999999999997,1.004,0.9991170624081033,0.9992358080248889,0.00011874561678559825,0.0007641919751111281,0.9992395301682275,0.999254418741582,0.0007455812584179489,0.007930284011239408
polynomial_b2,0.0049999999999999975,1.005,0.9991170624081033,0.999243901101903,0.00012683869379970236,0.000756098898097024,0.9992494590710791,0.9992716909477838,0.0007283090522162139,0.008898871209187753
polynomial_b2,0.005999999999999998,1.006,0.9991170624081033,0.9992433468646515,0.0001262844565482757,0.0007566531353484507,0.9992511222033738,0.9992822235582624,0.0007177764417376498,0.00988772265033333
polynomial_b2,0.006999999999999999,1.007,0.9991170624081033,0.9992341404553134,0.0001170780472101729,0.0007658595446865535,0.9992445124762833,0.9992860005601629,0.0007139994398370764,0.010896838644827156
polynomial_b2,0.008,1.008,0.9991170624081033,0.999216277094959,9.921468685569756e-05,0.0007837229050410288,0.9992296229127952,0.99928300618414,0.0007169938158599898,0.011926218508504505
polynomial_b2,0.009000000000000001,1.009,0.9991170624081033,0.9991897520850453,7.268967694207262e-05,0.0008102479149546538,0.999206446650013,0.9992732249098835,0.0007267750901165382,0.012975860567369324
polynomial_b2,0.009999999999999995,1.01,0.9991170624081033,0.9991545608089575,3.749840085420786e-05,0.0008454391910425185,0.9991749769414986,0.9992566414716628,0.0007433585283371791,0.014045762162090192
polynomial_b2,0.010999999999999996,1.011,0.9991170624081033,0.9991106987335211,-6.363674582177126e-06,0.0008893012664789035,0.9991352071595827,0.9992332408638294,0.0007667591361706361,0.015135919652514929
polynomial_b2,0.011999999999999997,1.012,0.9991170624081033,0.9990581614105505,-5.890099755279099e-05,0.0009418385894495174,0.9990871307977054,0.9992030083463254,0.0007969916536746391,0.01624632842218432
polynomial_b2,0.012999999999999998,1.013,0.9991170624081033,0.998996944478399,-0.00012011792970423318,0.0010030555216009596,0.9990307414727537,0.9991659294501724,0.0008340705498276479,0.017376982882870706
polynomial_b2,0.013999999999999999,1.014,0.9991170624081033,0.9989270436635181,-0.0001900187445851298,0.0010729563364818562,0.9989660329274045,0.9991219899829504,0.0008780100170495686,0.018527876479109473
polynomial_b2,0.015,1.015,0.9991170624081033,0.9988484547820266,-0.0002686076260767223,0.0011515452179734487,0.9988929990324722,0.9990711760342547,0.0009288239657453401,0.01969900169272254
polynomial_b2,0.016,1.016,0.9991170624081033,0.9987611737412917,-0.0003558886668115768,0.0012388262587083032,0.9988116337892627,0.9990134739811474,0.0009865260188526292,0.020890350047377382
polynomial_b2,0.017,1.017,0.9991170624081033,0.9986651965415072,-0.0004518658665960684,0.0013348034584927948,0.9987219313319204,0.9989488704935736,0.0010511295064263848,0.022101912113100752
polynomial_b2,0.018000000000000002,1.018,0.9991170624081033,0.9985605192772999,-0.0005565431308033331,0.0014394807227000594,0.9986238859297967,0.9988773525397834,0.0011226474602166192,0.023333677510815498
polynomial_b2,0.019000000000000003,1.019,0.9991170624081033,0.9984471381393316,-0.00066992426877166,0.0015528618606683864,0.9985174919898098,0.9987989073917223,0.0012010926082777207,0.024585634916864052
polynomial_b2,0.020000000000000004,1.02,0.9991170624081033,0.9983250494159036,-0.0007920129921996644,0.0016749505840963907,0.9984027440588015,0.9987135226303935,0.0012864773696065201,0.025857772067514162
polynomial_b2,0.021000000000000005,1.021,0.9991170624081033,0.9981942494945835,-0.0009228129135198104,0.0018057505054165368,0.9982796368259107,0.9986211861512198,0.001378813848780247,0.027150075763463732
polynomial_b2,0.022000000000000006,1.022,0.9991170624081033,0.9980547348638356,-0.001062327544267716,0.0019452651361644424,0.998148165124943,0.9985218861693725,0.0014781138306274588,0.02846253187433323
polynomial_b2,0.022999999999999993,1.023,0.9991170624081033,0.9979065021146372,-0.001210560293466112,0.0020934978853628383,0.9980083239367223,0.9984156112250633,0.001584388774936718,0.029795125343131446
polynomial_b2,0.023999999999999994,1.024,0.9991170624081033,0.9977495479421484,-0.0013675144659548444,0.0022504520578515708,0.9978601083914901,0.9983023501888566,0.001697649811143398,0.031147840190710596
polynomial_b2,0.024999999999999994,1.025,0.9991170624081033,0.997583869147336,-0.001533193260767285,0.0024161308526640113,0.9977035137712497,0.998182092266904,0.0018179077330959803,0.03252065952021077
polynomial_b2,0.025999999999999995,1.026,0.9991170624081033,0.9974094626386328,-0.001707599769470436,0.0025905373613671623,0.9975385355121436,0.9980548270061865,0.001945172993813471,0.03391356552146885
polynomial_b2,0.026999999999999996,1.027,0.9991170624081033,0.9972263254336062,-0.0018907369744970426,0.002773674566393769,0.9973651692068308,0.9979205442997292,0.0020794557002707936,0.035326539475410534
polynomial_b2,0.027999999999999997,1.028,0.9991170624081033,0.9970344546606159,-0.002082607747487364,0.0029655453393840903,0.9971834106068478,0.9977792343917748,0.0022207656082251503,0.03675956175842909
polynomial_b2,0.028999999999999998,1.029,0.9991170624081033,0.9968338475604885,-0.002283214847614734,0.0031661524395114604,0.9969932556249794,0.9976308878829431,0.0023691121170569263,0.03821261184671698
polynomial_b2,0.03,1.03,0.9991170624081033,0.9966245014881928,-0.002492560919910458,0.0033754985118071845,0.9967947003376242,0.9974754957353502,0.002524504264649785,0.03968566832059928
polynomial_b2,0.031,1.031,0.9991170624081033,0.9964064139145244,-0.0027106484935788266,0.003593586085475553,0.9965877409871615,0.9973130492777099,0.0026869507222900824,0.041178708868800484
polynomial_b2,0.032,1.032,0.9991170624081033,0.9961795824277873,-0.0029374799803160156,0.003820417572212742,0.9963723739843087,0.997143540210394,0.002856459789606025,0.04269171029272556
polynomial_b2,0.033,1.033,0.9991170624081033,0.9959440047354852,-0.003173057672618107,0.004055995264514833,0.9961485959104808,0.9969669606104632,0.003033039389536807,0.044224648510677866
polynomial_b2,0.034,1.034,0.9991170624081033,0.9956996786660205,-0.00341738374208278,0.0043003213339795066,0.9959164035201515,0.9967833029366762,0.0032166970633238368,0.045777498562052266
polynomial_b2,0.035,1.035,0.9991170624081033,0.9954466021703815,-0.003670460237721773,0.0045533978296185,0.9956757937431939,0.9965925600344436,0.003407439965556369,0.047350234611506004
polynomial_b2,0.036000000000000004,1.036,0.9991170624081033,0.9951847733238616,-0.003932289084241702,0.004815226676138429,0.9954267636872454,0.9963947251407804,0.003605274859219576,0.048942829953080746
polynomial_b2,0.037000000000000005,1.037,0.9991170624081033,0.9949141903277441,-0.004202872080359188,0.005085809672255914,0.9951693106400317,0.9961897918891817,0.003810208110818336,0.05055525701430419
polynomial_b2,0.03799999999999999,1.038,0.9991170624081033,0.9946348515110287,-0.004482210897074568,0.005365148488971294,0.9949034320717244,0.9959777543145074,0.004022245685492587,0.052187487360236595
polynomial_b2,0.03899999999999999,1.039,0.9991170624081033,0.9943467553321266,-0.0047703070759766986,0.005653244667873425,0.9946291256372595,0.995758606857791,0.004241393142208949,0.053839491697495134
polynomial_b2,0.039999999999999994,1.04,0.9991170624081033,0.9940499003805816,-0.0050671620275216656,0.005950099619418392,0.9943463891786726,0.9955323443710361,0.004467655628963896,0.055511239878245355
polynomial_b2,0.040999999999999995,1.041,0.9991170624081033,0.9937442853787801,-0.00537277702932315,0.006255714621219877,0.994055220727416,0.99529896212196,0.004701037878039993,0.05720270090412782
polynomial_b2,0.041999999999999996,1.042,0.9991170624081033,0.9934299091836707,-0.005687153224432584,0.00657009081632931,0.9937556185066792,0.9950584557987125,0.004941544201287451,0.05891384293017232
polynomial_b2,0.043,1.043,0.9991170624081033,0.9931067707884803,-0.006010291619622965,0.006893229211519691,0.9934475809336917,0.9948108215145375,0.00518917848546252,0.06064463326866143
polynomial_b2,0.044,1.044,0.9991170624081033,0.992774869324435,-0.006342193083668235,0.007225130675564961,0.9931311066220297,0.9945560558124084,0.005443944187591643,0.0623950383929488
polynomial_b2,0.045,1.045,0.9991170624081033,0.9924342040624763,-0.006682858345626985,0.007565795937523712,0.9928061943839033,0.994294155669611,0.005705844330389009,0.06416502394124901
polynomial_b2,0.046,1.046,0.9991170624081033,0.9920847744149818,-0.0070322879931215,0.007915225585018226,0.9924728432324432,0.9940251185022887,0.005974881497711304,0.06595455472036704
polynomial_b2,0.047,1.047,0.9991170624081033,0.9917265799374833,-0.007390482470620019,0.008273420062516745,0.9921310523839747,0.9937489421699399,0.0062510578300600805,0.06776359470940907
polynomial_b2,0.048,1.048,0.9991170624081033,0.9913596203303997,-0.007757442077703569,0.008640379669600295,0.9917808212602971,0.9934656249798868,0.006534375020113226,0.06959210706342311
polynomial_b2,0.049,1.049,0.9991170624081033,0.9909838954407386,-0.008133166967364658,0.009016104559261384,0.9914221494909249,0.99317516569167,0.00682483430833003,0.07144005411702814
polynomial_b2,0.05,1.05,0.9991170624081033,0.9905994052638294,-0.008517657144273882,0.009400594736170609,0.9910550369153489,0.9928775635214269,0.007122436478573135,0.07330739738796943
