blockade_shift_mhz,process_fidelity,active_population,no_jump_average_fidelity,phase_corrected_alpha,phase_corrected_beta,phase_fit_success,phase_fit_nit,diagnostic_fixed_nominal_virtual_z_process_fidelity,diagnostic_fixed_nominal_virtual_z_no_jump_average_fidelity,z00_abs,z0c_abs,zcc_abs,z00_phase_rad,z0c_phase_rad,zcc_phase_rad
110.93990398064639,0.9990607639501803,0.9992620245302217,0.9991010160661886,1.412203687323199e-13,2.3178076387993105,True,48,0.9986541491303544,0.9987757242103278,1.0,0.9995200803802744,0.9994835246036359,0.0,2.289429839661989,1.4940299837871205
112.4730319812512,0.9990802764593835,0.9992637603951042,0.9991169732465277,1.6076029396572267e-13,2.3165250561348536,True,54,0.9987093842749003,0.998820259498941,1.0,0.9995200803802744,0.9994869981213544,0.0,2.289429839661989,1.491464437553083
114.00615998185599,0.9990985083146664,0.9992654996260069,0.9991319065769344,1.4166445794216997e-13,2.3152782919882364,True,50,0.9987607690005015,0.9988617151256026,1.0,0.9995200803802744,0.9994904783624742,0.0,2.289429839661989,1.4889705215964537
115.53928798246079,0.9991154881905726,0.9992671846238727,0.9991458274772326,1.5232259897857148e-13,2.3140657566995344,True,54,0.9988085043060461,0.9989002403696114,1.0,0.9995200803802744,0.9994938500704796,0.0,2.289429839661989,1.4865450859002451
117.0724159830656,0.9991312023870681,0.9992687229761776,0.99915870650489,1.5587531265737198e-13,2.3128860243506058,True,58,0.9988527337506641,0.9989359315957668,1.0,0.9995200803802744,0.999496928328412,0.0,2.289429839661989,1.4841853108853944
118.60554398367039,0.9991456672533213,0.9992700589462299,0.999170545591903,1.4166445794216997e-13,2.3117378668779756,True,52,0.9988936176868591,0.9989689059387332,1.0,0.9995200803802744,0.9994996016097952,0.0,2.289429839661989,1.4818886717247646
120.13867198427519,0.9991589635505919,0.9992712065545001,0.9991814121513736,1.4876988529977098e-13,2.310620083481833,True,51,0.9989313701771358,0.9989993374526087,1.0,0.9995200803802744,0.9995018979727952,0.0,2.289429839661989,1.4796528172088441
121.67179998488,0.9991712191481303,0.9992722312455347,0.9991914215676111,1.4832579608992091e-13,2.3095315583247285,True,61,0.998966243774719,0.9990274412688821,1.0,0.9995200803802744,0.9995039483740716,0.0,2.289429839661989,1.4774754511913795
123.2049279854848,0.9991825618202554,0.9992732022127908,0.9992006898987625,1.4921397450962104e-13,2.3084711071835677,True,52,0.9989984832967921,0.9990534270799918,1.0,0.9995200803802744,0.9995058912704732,0.0,2.289429839661989,1.4753542853682837
124.73805598608959,0.9991930783359562,0.9992741514715024,0.9992092929630655,1.3100631690576847e-13,2.3074376525445874,True,55,0.9990282849596857,0.9990774582620491,1.0,0.9995200803802741,0.9995077907246299,0.0,2.2894298396619885,1.4732870737205555
126.2711839866944,0.9992028048441809,0.9992750643475429,0.9992172567448533,1.5143442055887135e-13,2.3064300844601533,True,60,0.9990557865446535,0.9990996421052314,1.0,0.9995200803802742,0.9995096173741362,0.0,2.289429839661989,1.471271685795503
127.8043119872992,0.9992117488637046,0.9992759013918631,0.9992245793693362,1.5365486660812167e-13,2.30544745161081,True,60,0.9990810895138402,0.9991200518894449,1.0,0.9995200803802742,0.99951129228272,0.0,2.289429839661989,1.469306160130912
129.337439987904,0.999219923022116,0.999276631776869,0.9992312647730666,1.4921397450962104e-13,2.304488828248445,True,47,0.9991042934141832,0.9991387610867204,1.0,0.9995200803802742,0.9995127537659021,0.0,2.289429839661989,1.467388703216736
130.8705679885088,0.9992273668521517,0.9992772546034714,0.9992373444024156,1.3633538742396922e-13,2.30355343788334,True,51,0.9991255186462499,0.9991558658376942,1.0,0.9995200803802742,0.9995140000255656,0.0,2.289429839661989,1.4655176408860802
132.4036959891136,0.9992341449294415,0.9992777965995496,0.999242875263463,1.6298074001497298e-13,2.302640399989844,True,46,0.9991449054871245,0.9991714837096095,1.0,0.9995200803802742,0.9995150845442101,0.0,2.289429839661989,1.4636913586277123
133.9368239897184,0.9992403270511961,0.9992782920355552,0.9992479200480681,1.4876988529977098e-13,2.301748962362838,True,54,0.9991625948055409,0.9991857342515438,1.0,0.9995200803802742,0.9995160758964519,0.0,2.289429839661989,1.461908268233489
135.46995199032318,0.9992459668796297,0.9992787612723141,0.9992525257581667,1.3500311979441904e-13,2.3008783608793584,True,52,0.9991787069017972,0.9991987177759005,1.0,0.9995200803802742,0.9995170148238983,0.0,2.289429839661989,1.460166814642024
137.003079990928,0.9992510936028345,0.9992792023892352,0.9992567153601147,1.4921397450962104e-13,2.3000277904755713,True,50,0.9991933332310775,0.9992105070627091,1.0,0.9995200803802742,0.9995178974836626,0.0,2.289429839661989,1.458465508137284
138.5362079915328,0.9992557199420252,0.999279599114038,0.9992604957764278,1.4566126083082054e-13,2.2991966371064194,True,48,0.9992065445577626,0.9992211554690176,1.0,0.9995200803802742,0.9995186913156616,0.0,2.289429839661989,1.4568029529649276
140.0693359921376,0.9992598582334572,0.9992799367430926,0.9992638739353843,1.5498713423767185e-13,2.298384179324591,True,57,0.9992184073532713,0.9992307132312355,1.0,0.9995200803802742,0.9995193668987064,0.0,2.289429839661989,1.4551778510660354
141.6024639927424,0.9992635322472626,0.9992802137516893,0.999266868548148,1.4654943925052066e-13,2.297589854334287,True,59,0.9992289960295226,0.9992392395739559,1.0,0.9995200803802742,0.9995199211821535,0.0,2.289429839661989,1.4535889804419695
143.1355919933472,0.9992667774816478,0.9992804418996625,0.9992695103652508,1.580957587066223e-13,2.296813017948529,True,57,0.9992383936124423,0.9992468032698862,1.0,0.9995200803802742,0.9995203776971586,0.0,2.289429839661989,1.4520351653615866
144.66871999395198,0.9992696319454364,0.9992806368869552,0.9992718329337402,1.4210854715202004e-13,2.296053163058118,True,46,0.9992466827821858,0.9992534736031397,1.0,0.9995200803802742,0.9995207678587983,0.0,2.289429839661989,1.4505152584539904
146.2018479945568,0.9992721257756991,0.9992808078989642,0.9992738622003522,1.4033219031261979e-13,2.2953096866114056,True,48,0.9992539356372667,0.9992593100896062,1.0,0.9995200803802742,0.9995211100467454,0.0,2.289429839661989,1.4490281430516805
147.7349759951616,0.9992742774281904,0.9992809537415613,0.9992756126908645,1.4921397450962104e-13,2.2945820794737406,True,50,0.9992602099946721,0.99926435874405,1.0,0.9995200803802742,0.9995214018716487,0.0,2.289429839661989,1.4475727484643102
149.2681039957664,0.999276098147965,0.9992810672398693,0.9992770919663458,1.4921397450962104e-13,2.293869816306863,True,48,0.9992655540011348,0.9992686566488818,1.0,0.9995200803802742,0.9995216289769313,0.0,2.289429839661989,1.4461480629325547
150.8012319963712,0.9992776001314125,0.9992811433060933,0.9992783087663486,1.5276668818842154e-13,2.293172467395163,True,50,0.9992700144810082,0.9992722402460252,1.0,0.9995200803802742,0.9995217811821782,0.0,2.289429839661989,1.4447531332960275
152.334359996976,0.9992788017969524,0.999281184111494,0.9992792782598607,1.4210854715202004e-13,2.292489486612845,True,52,0.99927364240383,0.9992751507453628,1.0,0.9995200803802742,0.9995218628320228,0.0,2.289429839661989,1.443387051956628
153.86748799758078,0.9992797266819092,0.9992811979010399,0.9992800209257353,1.4566126083082054e-13,2.2918205184397973,True,56,0.999276491946949,0.9992774331377671,1.0,0.9995200803802742,0.9995218904243072,0.0,2.289429839661989,1.4420489411028918
155.4006159981856,0.9992803976835504,0.9992811931751843,0.9992805567818772,1.532107773982716e-13,2.2911651003267703,True,48,0.9992786148568176,0.9992791305204909,1.0,0.9995200803802742,0.9995218809680746,0.0,2.289429839661989,1.4407379449060445
156.9337439987904,0.9992808315898676,0.9992811731745237,0.9992808999067988,1.496580637194711e-13,2.290522795842179,True,50,0.9992800550727337,0.9992802786930917,1.0,0.9995200803802742,0.9995218409476182,0.0,2.289429839661989,1.4394532331953533
158.4668719993952,0.9992810380312153,0.9992811347840467,0.9992810573817815,1.4566126083082054e-13,2.2898932786217596,True,50,0.999280847772457,0.9992809051747749,1.0,0.9995200803802742,0.99952176412993,0.0,2.289429839661989,1.4381940112889255
160.0,0.9992810232582837,0.9992810722562444,0.999281033057876,1.425526363618701e-13,2.2892761212418593,True,42,0.999281023258276,0.9992810330578695,1.0,0.9995200803802742,0.9995216390144832,0.0,2.289429839661989,1.43695952680465
161.5331280006048,0.9992807955810988,0.9992809825930011,0.9992808329834793,1.4566126083082054e-13,2.288670932417153,True,56,0.9992806125089609,0.999280686525769,1.0,0.9995200803802742,0.9995214596021564,0.0,2.289429839661989,1.435749067531719
163.0662560012096,0.999280368427449,0.9992808685543241,0.999280468452824,1.4210854715202004e-13,2.288077470745753,True,52,0.9992796503374863,0.9992798939808539,1.0,0.9995200803802742,0.9995212314155797,0.0,2.289429839661989,1.4345619515667203
164.5993840018144,0.999279759079539,0.9992807373573706,0.9992799547351053,1.4299672557172016e-13,2.287495314080844,True,52,0.999278174203939,0.9992786868346254,1.0,0.9995200803802742,0.9995209688959522,0.0,2.289429839661989,1.4333975163593644
166.13251200241922,0.9992789843697085,0.9992805963425905,0.9992793067642849,1.4210854715202004e-13,2.286924190372252,True,53,0.9992762199716632,0.9992770952458485,1.0,0.9995200803802742,0.9995206867311867,0.0,2.289429839661989,1.4322551134560781
167.665640003024,0.9992780565737779,0.9992804488371824,0.9992785350264588,1.4166445794216997e-13,2.286363750815841,True,53,0.9992738178610662,0.9992751440562895,1.0,0.9995200803802742,0.9995203915788563,0.0,2.289429839661989,1.4311341111513642
169.1987680036288,0.9992769822523289,0.999280292960896,0.9992776443940423,1.4432899320127035e-13,2.2858137131275793,True,48,0.9992709913615404,0.9992728516814114,1.0,0.9995200803802742,0.9995200796766441,0.0,2.289429839661989,1.430033901715205
170.7318960042336,0.9992757645117778,0.9992801238479534,0.9992766363790129,1.4432899320127035e-13,2.285273801846002,True,51,0.999267759569838,0.9992702324254612,1.0,0.9995200803802742,0.9995197412883023,0.0,2.289429839661989,1.4289539072445347
172.2650240048384,0.9992744068562558,0.9992799374629606,0.9992755129775969,1.425526363618701e-13,2.2847436946044537,True,55,0.9992641411128942,0.9992673003829076,1.0,0.9995200803802742,0.9995193683391349,0.0,2.289429839661989,1.4278935798437353
173.7981520054432,0.9992729160005981,0.9992797333868924,0.999274279477857,1.496580637194711e-13,2.2842231594353875,True,50,0.9992601570144796,0.9992640722889622,1.0,0.9995200803802742,0.9995189599906498,0.0,2.289429839661989,1.4268523960867163
175.33128000604802,0.999271302025093,0.999279514953803,0.9992729446108349,1.425526363618701e-13,2.283711937080964,True,50,0.9992558308864543,0.999260567699924,1.0,0.9995200803802742,0.9995185229141242,0.0,2.289429839661989,1.4258298494165755
176.8644080066528,0.9992695761642899,0.9992792870250019,0.9992715183364324,1.4832579608992091e-13,2.283209803249031,True,54,0.9992511867477099,0.9992568068031682,1.0,0.9995200803802742,0.9995180668368272,0.0,2.289429839661989,1.4248254449853135
178.3975360072576,0.999267747982167,0.9992790531463145,0.9992700090149965,1.3722356584366935e-13,2.2827164927119954,True,50,0.9992462462358712,0.99925280761796,1.0,0.9995200803802742,0.9995175988538066,0.0,2.289429839661989,1.4238386992881082
179.9306640078624,0.9992658238253874,0.9992788139774142,0.9992684218557928,1.461053500406706e-13,2.282231772617843,True,48,0.999241027108583,0.9992485844823491,1.0,0.9995200803802742,0.9995171202850293,0.0,2.289429839661989,1.4228691435929162
181.4637920084672,0.9992638073562062,0.999278567797733,0.9992667594445116,1.389999226830696e-13,2.281755420415047,True,58,0.9992355438299974,0.9992441486235444,1.0,0.9995200803802742,0.9995166276876803,0.0,2.289429839661989,1.4219163279104075
182.996920009072,0.9992617015068621,0.9992783124368982,0.9992650236928693,1.4699352846037073e-13,2.2812872076322996,True,49,0.999229809572459,0.9992395101453468,1.0,0.9995200803802742,0.9995161167188921,0.0,2.289429839661989,1.4209798223928958
184.53004800967682,0.9992595103583302,0.9992780471370061,0.9992632177140652,1.496580637194711e-13,2.2808269772026524,True,58,0.9992238381278213,0.9992346799296582,1.0,0.9995200803802742,0.999515585862094,0.0,2.289429839661989,1.42005921520177
186.0631760102816,0.9992572397047758,0.9992777731075104,0.9992613463853226,1.3811174426336947e-13,2.2803744835718316,True,61,0.9992176444911266,0.9992296702144033,1.0,0.9995200803802742,0.9995150375373361,0.0,2.289429839661989,1.4191541083955448
187.5963040108864,0.9992548961272496,0.9992774925912471,0.9992594154200491,1.354472090042691e-13,2.279929535709284,True,50,0.9992112439501096,0.9992244936783372,1.0,0.9995200803802742,0.99951447623244,0.0,2.289429839661989,1.4182641145521446
189.1294320114912,0.999252485462423,0.9992772073218905,0.9992574298343164,1.461053500406706e-13,2.279491949404978,True,47,0.9992046505770076,0.9992191619259841,1.0,0.9995200803802742,0.9995139054164194,0.0,2.289429839661989,1.4173888559998749
190.662560012096,0.9992500118780785,0.9992769175828056,0.9992553930190239,1.318944953254686e-13,2.279061567739686,True,49,0.9991978763375071,0.9992136845865668,1.0,0.9995200803802742,0.9995133256562632,0.0,2.289429839661989,1.4165279664627122
192.1956880127008,0.9992474781900822,0.9992766225053313,0.999253307053132,1.3811174426336947e-13,2.2786381928587467,True,56,0.9991909314448788,0.9992080696569694,1.0,0.9995200803802742,0.9995127352137871,0.0,2.289429839661989,1.4156810931969368
193.72881601330562,0.9992448870627687,0.9992763212540037,0.9992511739010157,1.461053500406706e-13,2.2782216405526334,True,56,0.9991838255902719,0.9992023247230183,1.0,0.9995200803802742,0.9995121324172286,0.0,2.289429839661989,1.4148478975287704
195.2619440139104,0.9992422420855487,0.9992760140948224,0.9992489964874034,1.425526363618701e-13,2.27781177436985,True,53,0.99917656903576,0.9991964580475725,1.0,0.9995200803802742,0.9995115177988246,0.0,2.289429839661989,1.4140280531109217
196.7950720145152,0.9992395478772842,0.9992757024963261,0.9992467788010926,1.474376176702208e-13,2.2774084207611525,True,58,0.9991691727254666,0.9991904786796384,1.0,0.9995200803802742,0.9995108942970683,0.0,2.289429839661989,1.4132212430517186
198.32820001512,0.9992368091742306,0.9992753882137474,0.999244524982134,1.3811174426336947e-13,2.2770114266450134,True,51,0.9991616473815129,0.9991843955479599,1.0,0.9995200803802742,0.9995102654241277,0.0,2.289429839661989,1.412427157920747
199.8613280157248,0.9992340296627104,0.9992750721125951,0.9992422381526873,1.425526363618701e-13,2.2766206551435335,True,51,0.9991540023552958,0.9991782163067556,1.0,0.9995200803802742,0.9995096329118601,0.0,2.289429839661989,1.4116454958920992
201.39445601632963,0.9992312115025018,0.9992747536775063,0.9992399199375027,1.4477308241112041e-13,2.2762359403828523,True,53,0.9991462451800258,0.9991719468795219,1.0,0.9995200803802742,0.999508995729026,0.0,2.289429839661989,1.4108759645812428
202.92758401693442,0.9992283559264137,0.9992744315966617,0.9992375710604634,1.532107773982716e-13,2.2758571271419035,True,51,0.9991383822003165,0.9991655920795856,1.0,0.9995200803802742,0.9995083512506875,0.0,2.289429839661989,1.4101182828157204
204.4607120175392,0.9992254644507921,0.9992741049624707,0.9992351925531278,1.461053500406706e-13,2.275484123338412,True,54,0.9991304198018794,0.9991591568339977,1.0,0.9995200803802742,0.9995076976607552,0.0,2.289429839661989,1.4093721806672366
205.993840018144,0.9992225397605539,0.9992737741543767,0.9992327866393185,1.5765166949677223e-13,2.2751167752849675,True,58,0.9991223653007958,0.9991526470715119,1.0,0.9995200803802742,0.9995070357184725,0.0,2.289429839661989,1.4086373974638147
207.5269680187488,0.9992195856001396,0.9992734407317126,0.9992303566264542,1.567634910770721e-13,2.2747549811214114,True,51,0.9991142268308671,0.9991460696110362,1.0,0.9995200803802742,0.9995063685440285,0.0,2.289429839661989,1.4079136790829256
209.0600960193536,0.9992166057831641,0.9992731064428511,0.9992279059151015,1.5498713423767185e-13,2.274398583457553,True,57,0.9991060123547646,0.999139431172382,1.0,0.9995200803802742,0.9995056996358875,0.0,2.289429839661989,1.4072007763610535
